CREATE DATABASE vk;
USE vk;

CREATE TABLE users (
  id INT UNSIGNED NOT NULL AUTO_INCREMENT PRIMARY KEY COMMENT "Идентификатор строки", -- искуственный ключ
  first_name VARCHAR(100) NOT NULL COMMENT "Имя пользователя",
  last_name VARCHAR(100) NOT NULL COMMENT "Фамилия пользователя",
  email VARCHAR(100) NOT NULL UNIQUE COMMENT "Почта",
  phone CHAR(11) NOT NULL UNIQUE COMMENT "Телефон",
  created_at DATETIME DEFAULT CURRENT_TIMESTAMP COMMENT "Время создания строки",  
  updated_at DATETIME DEFAULT CURRENT_TIMESTAMP ON UPDATE CURRENT_TIMESTAMP COMMENT "Время обновления строки"
) COMMENT "Пользователи";  

CREATE TABLE users_likes (
  id INT UNSIGNED NOT NULL AUTO_INCREMENT PRIMARY KEY COMMENT "Идентификатор строки", 
  author_id INT UNSIGNED NOT NULL COMMENT "Автор", 
  user_id INT UNSIGNED NOT NULL COMMENT "Ссылка на пользователя", 
  created_at DATETIME DEFAULT CURRENT_TIMESTAMP COMMENT "Время создания строки"
) COMMENT "Лайки пользователям"; 

ALTER TABLE users_likes ADD CONSTRAINT users_likes_author_id FOREIGN KEY (author_id) REFERENCES users(id);
ALTER TABLE users_likes ADD CONSTRAINT users_likes_user_id FOREIGN KEY (user_id) REFERENCES users(id); 

CREATE TABLE profiles (
  id INT UNSIGNED NOT NULL AUTO_INCREMENT PRIMARY KEY COMMENT "Идентификатор строки",
  user_id INT UNSIGNED NOT NULL COMMENT "Ссылка на пользователя",  
  gender ENUM('M', 'F') COMMENT "Пол",
  birthday DATE COMMENT "Дата рождения",
  `status` VARCHAR(30) COMMENT "Текущий статус",
  city VARCHAR(130) COMMENT "Город проживания",
  country VARCHAR(130) COMMENT "Страна проживания",
  created_at DATETIME DEFAULT CURRENT_TIMESTAMP COMMENT "Время создания строки",  
  updated_at DATETIME DEFAULT CURRENT_TIMESTAMP ON UPDATE CURRENT_TIMESTAMP COMMENT "Время обновления строки"
) COMMENT "Профили"; 

ALTER TABLE profiles ADD CONSTRAINT profiles_user_id FOREIGN KEY (user_id) REFERENCES users(id);

CREATE TABLE friendship (
	user_id INT UNSIGNED NOT NULL COMMENT "Ссылка на пользователя", 
	friend_id INT UNSIGNED NOT NULL COMMENT "Ссылка на друга пользователя", 
    request_type VARCHAR(10) NOT NULL COMMENT "Тип запроса",
	requested_at DATETIME DEFAULT NOW() COMMENT "Время отправления приглашения дружить",
	confirmed_at DATETIME COMMENT "Время подтверждения приглашения",
	created_at DATETIME DEFAULT CURRENT_TIMESTAMP COMMENT "Время создания строки",  
	updated_at DATETIME DEFAULT CURRENT_TIMESTAMP ON UPDATE CURRENT_TIMESTAMP COMMENT "Время обновления строки",
    PRIMARY KEY (user_id, friend_id)
);

DESC friendship;

ALTER TABLE friendship ADD CONSTRAINT friendship_user_id FOREIGN KEY (user_id) REFERENCES users(id);
ALTER TABLE friendship ADD CONSTRAINT friendship_friend_id FOREIGN KEY (friend_id) REFERENCES users(id);

ALTER TABLE friendship DROP COLUMN request_type;
ALTER TABLE friendship ADD COLUMN request_type_id INT UNSIGNED NOT NULL COMMENT "Ссылка на тип запроса";

CREATE TABLE friendship_request_types (
  id INT UNSIGNED NOT NULL AUTO_INCREMENT PRIMARY KEY COMMENT "Идентификатор строки", 
  name VARCHAR(150) NOT NULL UNIQUE COMMENT "Название статуса",
  created_at DATETIME DEFAULT CURRENT_TIMESTAMP COMMENT "Время создания строки",  
  updated_at DATETIME DEFAULT CURRENT_TIMESTAMP ON UPDATE CURRENT_TIMESTAMP COMMENT "Время обновления строки"  
) COMMENT "Типы запроса на дружбы";

ALTER TABLE friendship ADD CONSTRAINT friendship_request_type_id FOREIGN KEY (request_type_id) REFERENCES friendship_request_types(id); 


CREATE TABLE communities (
  id INT UNSIGNED NOT NULL AUTO_INCREMENT PRIMARY KEY COMMENT "Идентификатор сроки",
  name VARCHAR(150) NOT NULL UNIQUE COMMENT "Название группы",
  created_at DATETIME DEFAULT CURRENT_TIMESTAMP COMMENT "Время создания строки",  
  updated_at DATETIME DEFAULT CURRENT_TIMESTAMP ON UPDATE CURRENT_TIMESTAMP COMMENT "Время обновления строки"  
) COMMENT "Группы";


CREATE TABLE communities_users (
  community_id INT UNSIGNED NOT NULL COMMENT "Ссылка на группу",
  user_id INT UNSIGNED NOT NULL COMMENT "Ссылка на пользователя",
  created_at DATETIME DEFAULT CURRENT_TIMESTAMP COMMENT "Время создания строки", 
  PRIMARY KEY (community_id, user_id) COMMENT "Составной первичный ключ"
) COMMENT "Участники групп, связь между пользователями и группами";

ALTER TABLE communities_users ADD CONSTRAINT communities_users_user_id FOREIGN KEY (user_id) REFERENCES users(id);
ALTER TABLE communities_users ADD CONSTRAINT communities_users_community_id_id FOREIGN KEY (community_id) REFERENCES communities(id);

CREATE TABLE messages (
  id INT UNSIGNED NOT NULL AUTO_INCREMENT PRIMARY KEY COMMENT "Идентификатор строки", 
  from_user_id INT UNSIGNED NOT NULL COMMENT "Ссылка на отправителя сообщения",
  to_user_id INT UNSIGNED NOT NULL COMMENT "Ссылка на получателя сообщения",
  body TEXT NOT NULL COMMENT "Текст сообщения",
  is_important BOOLEAN COMMENT "Признак важности",
  is_delivered BOOLEAN COMMENT "Признак доставки",
  created_at DATETIME DEFAULT NOW() COMMENT "Время создания строки",
  updated_at DATETIME DEFAULT CURRENT_TIMESTAMP ON UPDATE CURRENT_TIMESTAMP COMMENT "Время обновления строки"
) COMMENT "Сообщения";

ALTER TABLE messages ADD CONSTRAINT messages_from_user_id FOREIGN KEY (from_user_id) REFERENCES users(id);
ALTER TABLE messages ADD CONSTRAINT messages_to_user_id FOREIGN KEY (to_user_id) REFERENCES users(id);

CREATE TABLE post (
  id INT UNSIGNED NOT NULL AUTO_INCREMENT PRIMARY KEY COMMENT "Идентификатор строки", 
  user_id INT UNSIGNED NOT NULL COMMENT "Ссылка на автора",
  body TEXT NOT NULL COMMENT "Текст поста",
  created_at DATETIME DEFAULT NOW() COMMENT "Время создания строки",
  updated_at DATETIME DEFAULT CURRENT_TIMESTAMP ON UPDATE CURRENT_TIMESTAMP COMMENT "Время обновления строки"
) COMMENT "Пост";

ALTER TABLE post ADD CONSTRAINT post_user_id FOREIGN KEY (user_id) REFERENCES users(id);

CREATE TABLE post_likes (
  id INT UNSIGNED NOT NULL AUTO_INCREMENT PRIMARY KEY COMMENT "Идентификатор строки", 
  author_id INT UNSIGNED NOT NULL COMMENT "Автор", 
  post_id INT UNSIGNED NOT NULL COMMENT "Ссылка на пост", 
  created_at DATETIME DEFAULT CURRENT_TIMESTAMP COMMENT "Время создания строки"
) COMMENT "Лайки постов"; 

ALTER TABLE post_likes ADD CONSTRAINT post_likes_author_id FOREIGN KEY (author_id) REFERENCES users(id);
ALTER TABLE post_likes ADD CONSTRAINT post_likes_post_id FOREIGN KEY (post_id) REFERENCES post(id); 

CREATE TABLE media (
    id INT UNSIGNED NOT NULL AUTO_INCREMENT PRIMARY KEY COMMENT "Идентификатор строки", 
	filename VARCHAR(255) NOT NULL UNIQUE COMMENT "Путь к файлу",
    user_id INT UNSIGNED NOT NULL COMMENT "Ссылка на автора медиа",
    media_type VARCHAR(10) NOT NULL COMMENT "Тип файла",
    size INT NOT NULL COMMENT "Размер файла",
    created_at DATETIME DEFAULT NOW() COMMENT "Время создания строки",
    updated_at DATETIME DEFAULT CURRENT_TIMESTAMP ON UPDATE CURRENT_TIMESTAMP COMMENT "Время обновления строки"
) COMMENT "Медиафайлы";

-- ALTER TABLE media MODIFY media_type ENUM('image', 'audio', 'video', 'gif', 'doc');
ALTER TABLE media DROP COLUMN media_type;
ALTER TABLE media ADD COLUMN media_type_id INT UNSIGNED NOT NULL COMMENT "Ссылка на тип файла" ;

CREATE TABLE media_likes (
  id INT UNSIGNED NOT NULL AUTO_INCREMENT PRIMARY KEY COMMENT "Идентификатор строки", 
  author_id INT UNSIGNED NOT NULL COMMENT "Автор", 
  media_id INT UNSIGNED NOT NULL COMMENT "Ссылка на медиа", 
  created_at DATETIME DEFAULT CURRENT_TIMESTAMP COMMENT "Время создания строки"
) COMMENT "Лайки медиа"; 

ALTER TABLE media_likes ADD CONSTRAINT media_likes_author_id FOREIGN KEY (author_id) REFERENCES users(id);
ALTER TABLE media_likes ADD CONSTRAINT media_likes_media_id FOREIGN KEY (media_id) REFERENCES media(id); 

CREATE TABLE media_types (
  id INT UNSIGNED NOT NULL AUTO_INCREMENT PRIMARY KEY COMMENT "Идентификатор строки",
  name VARCHAR(255) NOT NULL UNIQUE COMMENT "Название типа",
  created_at DATETIME DEFAULT CURRENT_TIMESTAMP COMMENT "Время создания строки",  
  updated_at DATETIME DEFAULT CURRENT_TIMESTAMP ON UPDATE CURRENT_TIMESTAMP COMMENT "Время обновления строки"
) COMMENT "Типы медиафайлов";

ALTER TABLE media ADD CONSTRAINT media_media_type_id FOREIGN KEY (media_type_id) REFERENCES media_types(id);
ALTER TABLE media ADD CONSTRAINT media_user_id FOREIGN KEY (user_id) REFERENCES users(id);
ALTER TABLE media ADD COLUMN metadata JSON;


INSERT INTO `users` (`id`, `first_name`, `last_name`, `email`, `phone`, `created_at`, `updated_at`) VALUES (1, 'Tessie', 'Murazik', 'ghermiston@example.com', '04002630752', '1979-08-23 02:10:03', '1987-09-23 21:59:59');
INSERT INTO `users` (`id`, `first_name`, `last_name`, `email`, `phone`, `created_at`, `updated_at`) VALUES (2, 'Billie', 'Franecki', 'elsie.beier@example.net', '1-371-981-0', '1991-01-07 04:31:12', '2010-01-06 12:12:16');
INSERT INTO `users` (`id`, `first_name`, `last_name`, `email`, `phone`, `created_at`, `updated_at`) VALUES (3, 'Oral', 'Cummerata', 'koch.leo@example.com', '318-510-690', '2016-09-24 10:53:56', '1972-05-17 21:46:56');
INSERT INTO `users` (`id`, `first_name`, `last_name`, `email`, `phone`, `created_at`, `updated_at`) VALUES (4, 'Arely', 'Schmitt', 'zzulauf@example.net', '(605)767-19', '2018-12-01 06:44:15', '1989-07-06 10:18:48');
INSERT INTO `users` (`id`, `first_name`, `last_name`, `email`, `phone`, `created_at`, `updated_at`) VALUES (5, 'Pauline', 'Kling', 'hackett.allene@example.com', '(016)177-88', '2001-11-04 12:57:10', '2003-06-08 05:37:31');
INSERT INTO `users` (`id`, `first_name`, `last_name`, `email`, `phone`, `created_at`, `updated_at`) VALUES (6, 'Elton', 'Jacobson', 'misty47@example.com', '+17(8)06216', '2012-01-22 14:38:57', '1993-11-26 13:14:34');
INSERT INTO `users` (`id`, `first_name`, `last_name`, `email`, `phone`, `created_at`, `updated_at`) VALUES (7, 'Madalyn', 'Hane', 'wyman.candace@example.org', '1-164-906-9', '2021-01-19 11:25:00', '1998-09-03 06:24:14');
INSERT INTO `users` (`id`, `first_name`, `last_name`, `email`, `phone`, `created_at`, `updated_at`) VALUES (8, 'Autumn', 'Lubowitz', 'cwintheiser@example.com', '09951381416', '1973-09-14 15:45:50', '1992-03-17 09:50:29');
INSERT INTO `users` (`id`, `first_name`, `last_name`, `email`, `phone`, `created_at`, `updated_at`) VALUES (9, 'Estrella', 'Walter', 'johnathan.prohaska@example.net', '(929)377-22', '2011-07-25 12:25:53', '2011-11-18 14:52:39');
INSERT INTO `users` (`id`, `first_name`, `last_name`, `email`, `phone`, `created_at`, `updated_at`) VALUES (10, 'Marcelina', 'Bernier', 'scot.miller@example.com', '399.228.386', '2004-12-01 20:08:21', '1983-06-13 21:09:43');
INSERT INTO `users` (`id`, `first_name`, `last_name`, `email`, `phone`, `created_at`, `updated_at`) VALUES (11, 'Ernestina', 'Gutkowski', 'katelyn.carroll@example.org', '1-089-308-3', '2009-07-09 23:55:12', '2021-07-29 17:27:04');
INSERT INTO `users` (`id`, `first_name`, `last_name`, `email`, `phone`, `created_at`, `updated_at`) VALUES (12, 'Linnea', 'Rau', 'kozey.aditya@example.com', '(890)493-82', '1992-08-08 11:33:22', '1980-04-07 18:57:35');
INSERT INTO `users` (`id`, `first_name`, `last_name`, `email`, `phone`, `created_at`, `updated_at`) VALUES (13, 'Mina', 'Turner', 'effertz.teagan@example.org', '+03(7)07447', '1983-04-01 03:00:44', '1980-12-23 15:03:45');
INSERT INTO `users` (`id`, `first_name`, `last_name`, `email`, `phone`, `created_at`, `updated_at`) VALUES (14, 'Emanuel', 'Dibbert', 'lehner.eloise@example.com', '1-615-406-4', '2012-07-03 12:23:05', '1977-05-29 00:16:26');
INSERT INTO `users` (`id`, `first_name`, `last_name`, `email`, `phone`, `created_at`, `updated_at`) VALUES (15, 'Bonita', 'Toy', 'aiden.beahan@example.com', '856-642-855', '2005-06-28 16:50:53', '2011-08-25 13:07:14');
INSERT INTO `users` (`id`, `first_name`, `last_name`, `email`, `phone`, `created_at`, `updated_at`) VALUES (16, 'Virginia', 'Ruecker', 'erling.schoen@example.net', '1-569-632-9', '2008-12-08 14:18:42', '1981-06-29 23:41:32');
INSERT INTO `users` (`id`, `first_name`, `last_name`, `email`, `phone`, `created_at`, `updated_at`) VALUES (17, 'Darian', 'Robel', 'parisian.betty@example.org', '754-362-136', '2012-05-18 04:11:19', '1987-10-20 01:40:57');
INSERT INTO `users` (`id`, `first_name`, `last_name`, `email`, `phone`, `created_at`, `updated_at`) VALUES (18, 'Abe', 'Hilpert', 'ratke.rhea@example.com', '855-043-224', '1992-06-10 02:32:42', '2001-12-12 01:01:56');
INSERT INTO `users` (`id`, `first_name`, `last_name`, `email`, `phone`, `created_at`, `updated_at`) VALUES (19, 'Aaliyah', 'Kautzer', 'smith.neil@example.net', '+67(4)15370', '1976-11-30 03:28:25', '1984-09-10 08:00:57');
INSERT INTO `users` (`id`, `first_name`, `last_name`, `email`, `phone`, `created_at`, `updated_at`) VALUES (20, 'Aletha', 'Ritchie', 'rjakubowski@example.org', '980-182-861', '1991-11-03 15:00:45', '1992-08-17 06:14:04');
INSERT INTO `users` (`id`, `first_name`, `last_name`, `email`, `phone`, `created_at`, `updated_at`) VALUES (21, 'Kayleigh', 'Casper', 'ardith.hirthe@example.com', '1-187-987-9', '1978-01-28 09:45:10', '1988-03-16 11:06:46');
INSERT INTO `users` (`id`, `first_name`, `last_name`, `email`, `phone`, `created_at`, `updated_at`) VALUES (22, 'Diamond', 'Schaden', 'abdiel52@example.net', '662-937-933', '2016-04-15 21:52:49', '1995-04-13 09:25:16');
INSERT INTO `users` (`id`, `first_name`, `last_name`, `email`, `phone`, `created_at`, `updated_at`) VALUES (23, 'Alan', 'Simonis', 'serenity.ryan@example.com', '1-501-860-5', '2018-10-27 06:37:21', '2016-08-02 09:58:42');
INSERT INTO `users` (`id`, `first_name`, `last_name`, `email`, `phone`, `created_at`, `updated_at`) VALUES (24, 'Jakayla', 'Rau', 'cyrus10@example.com', '02070332909', '2009-10-02 02:12:12', '1989-08-09 00:28:44');
INSERT INTO `users` (`id`, `first_name`, `last_name`, `email`, `phone`, `created_at`, `updated_at`) VALUES (25, 'Shanelle', 'Herzog', 'ondricka.kristin@example.net', '05751656332', '1997-11-15 01:25:17', '2001-02-04 03:36:00');
INSERT INTO `users` (`id`, `first_name`, `last_name`, `email`, `phone`, `created_at`, `updated_at`) VALUES (26, 'Virgie', 'Hills', 'gabriel.considine@example.net', '(802)749-05', '1981-05-17 02:30:33', '1987-04-05 09:13:51');
INSERT INTO `users` (`id`, `first_name`, `last_name`, `email`, `phone`, `created_at`, `updated_at`) VALUES (27, 'Sunny', 'Mayert', 'candice93@example.com', '945-438-313', '1998-09-17 11:45:03', '1994-03-02 21:11:50');
INSERT INTO `users` (`id`, `first_name`, `last_name`, `email`, `phone`, `created_at`, `updated_at`) VALUES (28, 'Shanon', 'Feeney', 'krogahn@example.com', '404-339-947', '2011-12-25 13:39:34', '2005-05-01 02:05:51');
INSERT INTO `users` (`id`, `first_name`, `last_name`, `email`, `phone`, `created_at`, `updated_at`) VALUES (29, 'Florine', 'O\'Keefe', 'moises31@example.net', '500-559-557', '2004-02-08 08:55:53', '2019-05-18 05:14:41');
INSERT INTO `users` (`id`, `first_name`, `last_name`, `email`, `phone`, `created_at`, `updated_at`) VALUES (30, 'Daisy', 'Hahn', 'cheyenne04@example.org', '038.221.368', '2015-07-07 01:07:13', '1987-10-01 19:06:46');
INSERT INTO `users` (`id`, `first_name`, `last_name`, `email`, `phone`, `created_at`, `updated_at`) VALUES (31, 'Margarett', 'Schumm', 'mann.colton@example.org', '637.916.865', '1991-01-30 06:53:46', '1985-05-23 07:37:10');
INSERT INTO `users` (`id`, `first_name`, `last_name`, `email`, `phone`, `created_at`, `updated_at`) VALUES (32, 'Columbus', 'Gulgowski', 'rowe.jordi@example.net', '03977059795', '1978-11-25 15:08:43', '1995-11-01 02:19:39');
INSERT INTO `users` (`id`, `first_name`, `last_name`, `email`, `phone`, `created_at`, `updated_at`) VALUES (33, 'Adalberto', 'Jacobs', 'xrussel@example.net', '+55(2)41964', '1978-11-08 03:17:14', '2006-10-01 02:15:02');
INSERT INTO `users` (`id`, `first_name`, `last_name`, `email`, `phone`, `created_at`, `updated_at`) VALUES (34, 'Ericka', 'Mante', 'gtoy@example.net', '1-805-570-0', '2004-01-18 13:52:20', '1974-02-14 17:11:19');
INSERT INTO `users` (`id`, `first_name`, `last_name`, `email`, `phone`, `created_at`, `updated_at`) VALUES (35, 'Danyka', 'Leannon', 'crystel79@example.net', '750.139.051', '1991-04-07 12:45:54', '2018-10-05 01:47:08');
INSERT INTO `users` (`id`, `first_name`, `last_name`, `email`, `phone`, `created_at`, `updated_at`) VALUES (36, 'Karli', 'Hyatt', 'rolando29@example.org', '822.018.076', '1987-12-29 21:22:19', '2008-08-21 16:25:05');
INSERT INTO `users` (`id`, `first_name`, `last_name`, `email`, `phone`, `created_at`, `updated_at`) VALUES (37, 'Alysa', 'Franecki', 'brock93@example.org', '1-171-017-8', '2009-01-03 20:09:53', '1980-08-14 18:39:39');
INSERT INTO `users` (`id`, `first_name`, `last_name`, `email`, `phone`, `created_at`, `updated_at`) VALUES (38, 'Suzanne', 'Tromp', 'deanna.effertz@example.org', '113-278-286', '2019-06-26 08:55:43', '2000-02-09 10:36:18');
INSERT INTO `users` (`id`, `first_name`, `last_name`, `email`, `phone`, `created_at`, `updated_at`) VALUES (39, 'Delpha', 'Harvey', 'glenna07@example.net', '1-272-986-8', '1985-10-19 21:30:48', '1977-10-06 23:03:23');
INSERT INTO `users` (`id`, `first_name`, `last_name`, `email`, `phone`, `created_at`, `updated_at`) VALUES (40, 'Adeline', 'Treutel', 'schamberger.rickey@example.com', '03961054899', '2005-03-29 02:49:59', '1973-10-25 07:29:09');
INSERT INTO `users` (`id`, `first_name`, `last_name`, `email`, `phone`, `created_at`, `updated_at`) VALUES (41, 'Keagan', 'Frami', 'lsatterfield@example.com', '058.625.073', '1970-05-05 09:12:11', '2016-07-15 06:12:00');
INSERT INTO `users` (`id`, `first_name`, `last_name`, `email`, `phone`, `created_at`, `updated_at`) VALUES (42, 'Omer', 'D\'Amore', 'abbigail.bruen@example.net', '+39(5)70571', '1999-01-26 03:57:52', '1975-01-01 19:34:06');
INSERT INTO `users` (`id`, `first_name`, `last_name`, `email`, `phone`, `created_at`, `updated_at`) VALUES (43, 'Kamryn', 'Cole', 'kade34@example.net', '322-574-130', '1998-02-13 01:46:16', '1981-04-22 13:57:41');
INSERT INTO `users` (`id`, `first_name`, `last_name`, `email`, `phone`, `created_at`, `updated_at`) VALUES (44, 'Macey', 'Keeling', 'julia68@example.com', '(654)293-26', '1971-03-26 07:01:51', '1997-03-10 01:48:48');
INSERT INTO `users` (`id`, `first_name`, `last_name`, `email`, `phone`, `created_at`, `updated_at`) VALUES (45, 'Miguel', 'Jones', 'drenner@example.net', '195.185.843', '1982-09-09 09:12:01', '2011-02-11 21:15:14');
INSERT INTO `users` (`id`, `first_name`, `last_name`, `email`, `phone`, `created_at`, `updated_at`) VALUES (46, 'Claudia', 'Murazik', 'hal65@example.org', '012-498-448', '2004-11-30 06:40:39', '1990-12-24 11:29:24');
INSERT INTO `users` (`id`, `first_name`, `last_name`, `email`, `phone`, `created_at`, `updated_at`) VALUES (47, 'Pattie', 'Steuber', 'ijerde@example.org', '051.873.876', '2004-05-29 04:01:06', '1988-08-23 14:57:14');
INSERT INTO `users` (`id`, `first_name`, `last_name`, `email`, `phone`, `created_at`, `updated_at`) VALUES (48, 'Marjory', 'Kozey', 'earline.swaniawski@example.org', '(879)214-34', '1994-01-27 20:21:49', '1980-12-22 03:41:19');
INSERT INTO `users` (`id`, `first_name`, `last_name`, `email`, `phone`, `created_at`, `updated_at`) VALUES (49, 'Ardella', 'Wilkinson', 'natasha30@example.com', '1-466-540-2', '1973-08-22 06:52:36', '2006-07-16 09:38:04');
INSERT INTO `users` (`id`, `first_name`, `last_name`, `email`, `phone`, `created_at`, `updated_at`) VALUES (50, 'Camryn', 'Sporer', 'aaliyah59@example.net', '+18(1)63371', '1993-02-24 14:09:03', '2009-03-08 11:34:10');
INSERT INTO `users` (`id`, `first_name`, `last_name`, `email`, `phone`, `created_at`, `updated_at`) VALUES (51, 'Sunny', 'Adams', 'lschroeder@example.org', '(580)042-86', '1997-07-07 11:16:00', '2001-09-03 17:16:24');
INSERT INTO `users` (`id`, `first_name`, `last_name`, `email`, `phone`, `created_at`, `updated_at`) VALUES (52, 'Adolphus', 'Blick', 'imelda68@example.net', '+69(1)93742', '1996-03-08 08:06:50', '1981-06-28 07:17:32');
INSERT INTO `users` (`id`, `first_name`, `last_name`, `email`, `phone`, `created_at`, `updated_at`) VALUES (53, 'Kali', 'Reilly', 'lvolkman@example.org', '599.011.478', '2013-04-28 00:57:46', '1970-06-17 12:52:51');
INSERT INTO `users` (`id`, `first_name`, `last_name`, `email`, `phone`, `created_at`, `updated_at`) VALUES (54, 'Jacques', 'Parisian', 'white.jaquan@example.com', '(621)473-50', '2010-11-12 08:31:03', '1980-04-26 11:14:16');
INSERT INTO `users` (`id`, `first_name`, `last_name`, `email`, `phone`, `created_at`, `updated_at`) VALUES (55, 'Julien', 'Witting', 'cartwright.lauren@example.com', '965.359.727', '1984-12-19 15:24:33', '1989-09-09 06:14:08');
INSERT INTO `users` (`id`, `first_name`, `last_name`, `email`, `phone`, `created_at`, `updated_at`) VALUES (56, 'Esmeralda', 'Hoppe', 'jgislason@example.net', '(673)014-92', '1991-07-04 19:03:42', '1975-06-15 08:26:58');
INSERT INTO `users` (`id`, `first_name`, `last_name`, `email`, `phone`, `created_at`, `updated_at`) VALUES (57, 'Christian', 'Romaguera', 'nmarks@example.org', '08276811365', '2009-01-15 22:20:07', '2001-10-19 03:53:34');
INSERT INTO `users` (`id`, `first_name`, `last_name`, `email`, `phone`, `created_at`, `updated_at`) VALUES (58, 'Aleen', 'Feil', 'braun.yoshiko@example.net', '06262880441', '1978-03-16 23:44:56', '2020-06-10 21:53:39');
INSERT INTO `users` (`id`, `first_name`, `last_name`, `email`, `phone`, `created_at`, `updated_at`) VALUES (59, 'Humberto', 'Koch', 'uprice@example.com', '+89(5)49081', '1974-11-13 02:35:40', '2019-07-06 14:25:21');
INSERT INTO `users` (`id`, `first_name`, `last_name`, `email`, `phone`, `created_at`, `updated_at`) VALUES (60, 'Conor', 'Hirthe', 'kristina.bergnaum@example.com', '(103)917-25', '1971-09-24 18:55:31', '1973-02-15 09:12:15');
INSERT INTO `users` (`id`, `first_name`, `last_name`, `email`, `phone`, `created_at`, `updated_at`) VALUES (61, 'Rylan', 'Schneider', 'david.franecki@example.com', '131.644.238', '1975-01-08 05:17:05', '2005-10-23 00:53:22');
INSERT INTO `users` (`id`, `first_name`, `last_name`, `email`, `phone`, `created_at`, `updated_at`) VALUES (62, 'Jayde', 'Flatley', 'emie.kassulke@example.net', '(491)907-48', '1999-08-22 12:27:03', '1981-10-06 05:50:06');
INSERT INTO `users` (`id`, `first_name`, `last_name`, `email`, `phone`, `created_at`, `updated_at`) VALUES (63, 'Pat', 'Shanahan', 'lorenza37@example.net', '165-347-118', '2021-02-21 01:10:07', '1997-05-19 20:48:42');
INSERT INTO `users` (`id`, `first_name`, `last_name`, `email`, `phone`, `created_at`, `updated_at`) VALUES (64, 'Beryl', 'Schiller', 'brandi.swift@example.org', '(155)273-60', '1986-06-26 10:26:27', '2021-08-14 21:50:09');
INSERT INTO `users` (`id`, `first_name`, `last_name`, `email`, `phone`, `created_at`, `updated_at`) VALUES (65, 'Furman', 'Ziemann', 'odonnelly@example.org', '446-267-174', '2009-03-16 01:17:42', '1973-09-18 08:22:40');
INSERT INTO `users` (`id`, `first_name`, `last_name`, `email`, `phone`, `created_at`, `updated_at`) VALUES (66, 'Santina', 'Davis', 'qjohns@example.org', '00089123014', '2004-06-19 17:25:45', '2007-01-06 19:24:49');
INSERT INTO `users` (`id`, `first_name`, `last_name`, `email`, `phone`, `created_at`, `updated_at`) VALUES (67, 'Lelia', 'Deckow', 'sporer.marquis@example.org', '701.256.925', '1983-05-21 16:16:17', '2000-12-19 20:42:03');
INSERT INTO `users` (`id`, `first_name`, `last_name`, `email`, `phone`, `created_at`, `updated_at`) VALUES (68, 'Nya', 'Franecki', 'daija.quigley@example.org', '+49(5)54216', '1989-10-02 03:59:37', '2006-09-04 09:21:34');
INSERT INTO `users` (`id`, `first_name`, `last_name`, `email`, `phone`, `created_at`, `updated_at`) VALUES (69, 'Maye', 'Veum', 'anais.goodwin@example.net', '(839)787-27', '1982-03-17 18:28:41', '1990-05-15 11:22:09');
INSERT INTO `users` (`id`, `first_name`, `last_name`, `email`, `phone`, `created_at`, `updated_at`) VALUES (70, 'Esta', 'Daniel', 'juston12@example.org', '(570)035-24', '1990-03-11 10:50:19', '2019-06-26 13:31:22');
INSERT INTO `users` (`id`, `first_name`, `last_name`, `email`, `phone`, `created_at`, `updated_at`) VALUES (71, 'Nadia', 'Harvey', 'goldner.nelle@example.com', '1-408-891-6', '1970-12-05 22:38:09', '1979-11-07 08:20:17');
INSERT INTO `users` (`id`, `first_name`, `last_name`, `email`, `phone`, `created_at`, `updated_at`) VALUES (72, 'Lorine', 'Torphy', 'glover.alexandre@example.org', '1-705-927-9', '2018-01-11 10:49:06', '2001-11-16 15:55:32');
INSERT INTO `users` (`id`, `first_name`, `last_name`, `email`, `phone`, `created_at`, `updated_at`) VALUES (73, 'Emma', 'Wilderman', 'maggio.jacky@example.com', '947-411-664', '2020-08-05 07:22:32', '2009-05-26 19:53:43');
INSERT INTO `users` (`id`, `first_name`, `last_name`, `email`, `phone`, `created_at`, `updated_at`) VALUES (74, 'Arjun', 'Ratke', 'lnicolas@example.com', '+41(0)49586', '1973-04-16 05:26:10', '1993-01-01 23:34:30');
INSERT INTO `users` (`id`, `first_name`, `last_name`, `email`, `phone`, `created_at`, `updated_at`) VALUES (75, 'Jacinto', 'Schmeler', 'wpfeffer@example.net', '+49(3)95075', '2014-04-14 19:03:40', '1984-10-08 18:54:37');
INSERT INTO `users` (`id`, `first_name`, `last_name`, `email`, `phone`, `created_at`, `updated_at`) VALUES (76, 'Jessyca', 'Runolfsdottir', 'pink.bins@example.com', '319.790.721', '1977-12-22 00:37:25', '2015-12-19 12:59:21');
INSERT INTO `users` (`id`, `first_name`, `last_name`, `email`, `phone`, `created_at`, `updated_at`) VALUES (77, 'Wilson', 'Welch', 'co\'keefe@example.com', '+56(8)92931', '1991-06-11 21:54:25', '1982-02-16 13:33:33');
INSERT INTO `users` (`id`, `first_name`, `last_name`, `email`, `phone`, `created_at`, `updated_at`) VALUES (78, 'Trenton', 'Bradtke', 'beier.jon@example.org', '03173273430', '1974-03-06 00:32:14', '1992-09-08 09:18:50');
INSERT INTO `users` (`id`, `first_name`, `last_name`, `email`, `phone`, `created_at`, `updated_at`) VALUES (79, 'Richmond', 'Weber', 'julia.kub@example.org', '1-040-565-7', '1986-07-01 10:20:53', '1979-10-17 03:56:43');
INSERT INTO `users` (`id`, `first_name`, `last_name`, `email`, `phone`, `created_at`, `updated_at`) VALUES (80, 'Osbaldo', 'Fay', 'fgerhold@example.org', '1-998-760-9', '2017-07-26 16:20:28', '1974-11-27 00:10:28');
INSERT INTO `users` (`id`, `first_name`, `last_name`, `email`, `phone`, `created_at`, `updated_at`) VALUES (81, 'Kian', 'Oberbrunner', 'koss.jazmyne@example.org', '1-589-561-4', '1973-07-16 21:13:30', '1997-05-14 08:56:39');
INSERT INTO `users` (`id`, `first_name`, `last_name`, `email`, `phone`, `created_at`, `updated_at`) VALUES (82, 'Samson', 'Turcotte', 'janessa99@example.com', '249-070-195', '1995-11-01 21:47:26', '1978-04-27 21:50:58');
INSERT INTO `users` (`id`, `first_name`, `last_name`, `email`, `phone`, `created_at`, `updated_at`) VALUES (83, 'Arnulfo', 'Botsford', 'cassie38@example.org', '01077094239', '1994-08-14 07:30:55', '2006-02-10 01:33:23');
INSERT INTO `users` (`id`, `first_name`, `last_name`, `email`, `phone`, `created_at`, `updated_at`) VALUES (84, 'Alta', 'Lehner', 'fidel93@example.com', '195.945.959', '2019-12-28 10:32:18', '2003-02-24 19:05:24');
INSERT INTO `users` (`id`, `first_name`, `last_name`, `email`, `phone`, `created_at`, `updated_at`) VALUES (85, 'Oda', 'Corkery', 'o\'kon.sallie@example.net', '(954)606-68', '1999-05-17 19:05:37', '2021-05-10 15:34:28');
INSERT INTO `users` (`id`, `first_name`, `last_name`, `email`, `phone`, `created_at`, `updated_at`) VALUES (86, 'Kallie', 'Jacobson', 'mohamed.waters@example.com', '1-726-344-8', '2007-06-26 02:36:19', '1987-11-17 08:44:06');
INSERT INTO `users` (`id`, `first_name`, `last_name`, `email`, `phone`, `created_at`, `updated_at`) VALUES (87, 'Jaida', 'Goldner', 'kutch.will@example.org', '(969)946-36', '2001-02-03 21:35:49', '1973-11-10 18:50:13');
INSERT INTO `users` (`id`, `first_name`, `last_name`, `email`, `phone`, `created_at`, `updated_at`) VALUES (88, 'Watson', 'Mueller', 'alycia.casper@example.com', '1-058-709-5', '1977-07-12 23:43:43', '1981-01-28 04:00:02');
INSERT INTO `users` (`id`, `first_name`, `last_name`, `email`, `phone`, `created_at`, `updated_at`) VALUES (89, 'Filomena', 'Fisher', 'wiegand.micah@example.net', '(324)594-87', '1989-11-04 00:49:25', '2009-05-09 02:07:57');
INSERT INTO `users` (`id`, `first_name`, `last_name`, `email`, `phone`, `created_at`, `updated_at`) VALUES (90, 'Madyson', 'Eichmann', 'zbartoletti@example.net', '871-033-302', '1992-05-30 15:06:52', '2017-12-23 10:28:19');
INSERT INTO `users` (`id`, `first_name`, `last_name`, `email`, `phone`, `created_at`, `updated_at`) VALUES (91, 'Titus', 'Wiegand', 'bluettgen@example.net', '436-281-872', '2021-04-10 13:53:36', '2004-09-30 06:15:55');
INSERT INTO `users` (`id`, `first_name`, `last_name`, `email`, `phone`, `created_at`, `updated_at`) VALUES (92, 'Darius', 'Collins', 'nelda99@example.net', '(184)772-78', '1985-09-29 17:05:17', '1979-05-15 07:22:28');
INSERT INTO `users` (`id`, `first_name`, `last_name`, `email`, `phone`, `created_at`, `updated_at`) VALUES (93, 'Antonietta', 'O\'Hara', 'goyette.otho@example.org', '06923091034', '1973-10-09 10:09:10', '1991-02-23 10:30:22');
INSERT INTO `users` (`id`, `first_name`, `last_name`, `email`, `phone`, `created_at`, `updated_at`) VALUES (94, 'Joelle', 'Paucek', 'fcrist@example.com', '1-285-320-2', '1989-12-18 08:38:30', '2002-06-08 20:25:57');
INSERT INTO `users` (`id`, `first_name`, `last_name`, `email`, `phone`, `created_at`, `updated_at`) VALUES (95, 'Jordane', 'Welch', 'lacey11@example.com', '02675951772', '2013-06-07 13:12:05', '2007-11-30 11:37:04');
INSERT INTO `users` (`id`, `first_name`, `last_name`, `email`, `phone`, `created_at`, `updated_at`) VALUES (96, 'Annie', 'McCullough', 'grant.jedidiah@example.org', '1-687-355-0', '1971-02-09 08:23:16', '2009-04-27 12:03:02');
INSERT INTO `users` (`id`, `first_name`, `last_name`, `email`, `phone`, `created_at`, `updated_at`) VALUES (97, 'Maci', 'Stroman', 'cody.walker@example.com', '00399497039', '2015-11-19 04:59:12', '1990-11-20 22:28:17');
INSERT INTO `users` (`id`, `first_name`, `last_name`, `email`, `phone`, `created_at`, `updated_at`) VALUES (98, 'Laila', 'Muller', 'dolly81@example.net', '413.934.916', '2014-10-25 19:57:36', '1999-04-25 22:26:13');
INSERT INTO `users` (`id`, `first_name`, `last_name`, `email`, `phone`, `created_at`, `updated_at`) VALUES (99, 'Gerald', 'Rau', 'odie.shanahan@example.com', '+12(6)80376', '1999-02-22 18:33:49', '2000-12-30 23:54:10');
INSERT INTO `users` (`id`, `first_name`, `last_name`, `email`, `phone`, `created_at`, `updated_at`) VALUES (100, 'Johnathan', 'Spencer', 'aufderhar.hannah@example.org', '271.278.137', '2007-06-15 17:17:23', '2008-12-23 14:25:09');

INSERT INTO `users_likes` (`id`, `author_id`, `user_id`, `created_at`) VALUES (1, 1, 1, '1993-02-19 00:02:09');
INSERT INTO `users_likes` (`id`, `author_id`, `user_id`, `created_at`) VALUES (2, 2, 2, '1991-07-16 10:58:02');
INSERT INTO `users_likes` (`id`, `author_id`, `user_id`, `created_at`) VALUES (3, 3, 3, '2018-12-03 14:11:33');
INSERT INTO `users_likes` (`id`, `author_id`, `user_id`, `created_at`) VALUES (4, 4, 4, '1982-03-27 13:15:08');
INSERT INTO `users_likes` (`id`, `author_id`, `user_id`, `created_at`) VALUES (5, 5, 5, '2006-12-17 15:01:24');
INSERT INTO `users_likes` (`id`, `author_id`, `user_id`, `created_at`) VALUES (6, 6, 6, '1993-05-09 08:58:53');
INSERT INTO `users_likes` (`id`, `author_id`, `user_id`, `created_at`) VALUES (7, 7, 7, '2013-04-03 08:54:32');
INSERT INTO `users_likes` (`id`, `author_id`, `user_id`, `created_at`) VALUES (8, 8, 8, '1984-05-02 04:26:24');
INSERT INTO `users_likes` (`id`, `author_id`, `user_id`, `created_at`) VALUES (9, 9, 9, '1970-05-25 00:42:32');
INSERT INTO `users_likes` (`id`, `author_id`, `user_id`, `created_at`) VALUES (10, 10, 10, '1996-02-27 07:52:47');
INSERT INTO `users_likes` (`id`, `author_id`, `user_id`, `created_at`) VALUES (11, 11, 11, '1975-03-27 03:42:01');
INSERT INTO `users_likes` (`id`, `author_id`, `user_id`, `created_at`) VALUES (12, 12, 12, '1996-01-09 10:08:17');
INSERT INTO `users_likes` (`id`, `author_id`, `user_id`, `created_at`) VALUES (13, 13, 13, '1976-10-03 17:15:14');
INSERT INTO `users_likes` (`id`, `author_id`, `user_id`, `created_at`) VALUES (14, 14, 14, '2005-06-24 11:09:19');
INSERT INTO `users_likes` (`id`, `author_id`, `user_id`, `created_at`) VALUES (15, 15, 15, '2008-08-01 03:34:44');
INSERT INTO `users_likes` (`id`, `author_id`, `user_id`, `created_at`) VALUES (16, 16, 16, '2013-08-24 09:26:52');
INSERT INTO `users_likes` (`id`, `author_id`, `user_id`, `created_at`) VALUES (17, 17, 17, '2017-09-23 18:33:24');
INSERT INTO `users_likes` (`id`, `author_id`, `user_id`, `created_at`) VALUES (18, 18, 18, '1991-04-28 17:20:17');
INSERT INTO `users_likes` (`id`, `author_id`, `user_id`, `created_at`) VALUES (19, 19, 19, '1971-10-27 12:51:57');
INSERT INTO `users_likes` (`id`, `author_id`, `user_id`, `created_at`) VALUES (20, 20, 20, '1997-12-29 13:20:24');
INSERT INTO `users_likes` (`id`, `author_id`, `user_id`, `created_at`) VALUES (21, 21, 21, '2016-02-09 08:04:46');
INSERT INTO `users_likes` (`id`, `author_id`, `user_id`, `created_at`) VALUES (22, 22, 22, '1988-06-24 14:58:22');
INSERT INTO `users_likes` (`id`, `author_id`, `user_id`, `created_at`) VALUES (23, 23, 23, '2018-06-03 21:05:41');
INSERT INTO `users_likes` (`id`, `author_id`, `user_id`, `created_at`) VALUES (24, 24, 24, '1971-04-15 08:12:41');
INSERT INTO `users_likes` (`id`, `author_id`, `user_id`, `created_at`) VALUES (25, 25, 25, '1989-03-10 08:54:06');
INSERT INTO `users_likes` (`id`, `author_id`, `user_id`, `created_at`) VALUES (26, 26, 26, '2013-06-07 21:17:26');
INSERT INTO `users_likes` (`id`, `author_id`, `user_id`, `created_at`) VALUES (27, 27, 27, '1973-01-09 01:04:32');
INSERT INTO `users_likes` (`id`, `author_id`, `user_id`, `created_at`) VALUES (28, 28, 28, '1971-07-04 04:02:52');
INSERT INTO `users_likes` (`id`, `author_id`, `user_id`, `created_at`) VALUES (29, 29, 29, '2009-10-27 02:13:43');
INSERT INTO `users_likes` (`id`, `author_id`, `user_id`, `created_at`) VALUES (30, 30, 30, '2003-11-13 09:20:14');
INSERT INTO `users_likes` (`id`, `author_id`, `user_id`, `created_at`) VALUES (31, 31, 31, '2017-03-10 19:20:12');
INSERT INTO `users_likes` (`id`, `author_id`, `user_id`, `created_at`) VALUES (32, 32, 32, '2007-06-23 04:56:31');
INSERT INTO `users_likes` (`id`, `author_id`, `user_id`, `created_at`) VALUES (33, 33, 33, '1973-07-09 21:06:43');
INSERT INTO `users_likes` (`id`, `author_id`, `user_id`, `created_at`) VALUES (34, 34, 34, '1972-10-13 15:06:24');
INSERT INTO `users_likes` (`id`, `author_id`, `user_id`, `created_at`) VALUES (35, 35, 35, '2012-11-05 18:35:42');
INSERT INTO `users_likes` (`id`, `author_id`, `user_id`, `created_at`) VALUES (36, 36, 36, '2011-03-21 17:03:29');
INSERT INTO `users_likes` (`id`, `author_id`, `user_id`, `created_at`) VALUES (37, 37, 37, '2010-07-02 02:40:17');
INSERT INTO `users_likes` (`id`, `author_id`, `user_id`, `created_at`) VALUES (38, 38, 38, '2019-06-19 07:44:04');
INSERT INTO `users_likes` (`id`, `author_id`, `user_id`, `created_at`) VALUES (39, 39, 39, '2008-06-12 07:59:37');
INSERT INTO `users_likes` (`id`, `author_id`, `user_id`, `created_at`) VALUES (40, 40, 40, '1978-03-13 16:32:52');
INSERT INTO `users_likes` (`id`, `author_id`, `user_id`, `created_at`) VALUES (41, 41, 41, '1974-04-07 00:34:12');
INSERT INTO `users_likes` (`id`, `author_id`, `user_id`, `created_at`) VALUES (42, 42, 42, '1981-06-12 18:13:48');
INSERT INTO `users_likes` (`id`, `author_id`, `user_id`, `created_at`) VALUES (43, 43, 43, '2013-08-01 05:57:25');
INSERT INTO `users_likes` (`id`, `author_id`, `user_id`, `created_at`) VALUES (44, 44, 44, '1983-06-26 21:50:56');
INSERT INTO `users_likes` (`id`, `author_id`, `user_id`, `created_at`) VALUES (45, 45, 45, '1981-03-04 12:54:59');
INSERT INTO `users_likes` (`id`, `author_id`, `user_id`, `created_at`) VALUES (46, 46, 46, '2003-03-23 13:04:30');
INSERT INTO `users_likes` (`id`, `author_id`, `user_id`, `created_at`) VALUES (47, 47, 47, '2018-04-27 15:15:06');
INSERT INTO `users_likes` (`id`, `author_id`, `user_id`, `created_at`) VALUES (48, 48, 48, '1983-04-18 01:50:27');
INSERT INTO `users_likes` (`id`, `author_id`, `user_id`, `created_at`) VALUES (49, 49, 49, '1985-01-05 23:46:10');
INSERT INTO `users_likes` (`id`, `author_id`, `user_id`, `created_at`) VALUES (50, 50, 50, '1973-02-05 17:08:39');
INSERT INTO `users_likes` (`id`, `author_id`, `user_id`, `created_at`) VALUES (51, 51, 51, '2002-03-09 02:16:30');
INSERT INTO `users_likes` (`id`, `author_id`, `user_id`, `created_at`) VALUES (52, 52, 52, '1997-04-29 04:44:21');
INSERT INTO `users_likes` (`id`, `author_id`, `user_id`, `created_at`) VALUES (53, 53, 53, '2020-03-16 03:06:09');
INSERT INTO `users_likes` (`id`, `author_id`, `user_id`, `created_at`) VALUES (54, 54, 54, '1993-05-10 12:20:09');
INSERT INTO `users_likes` (`id`, `author_id`, `user_id`, `created_at`) VALUES (55, 55, 55, '2006-08-05 22:20:45');
INSERT INTO `users_likes` (`id`, `author_id`, `user_id`, `created_at`) VALUES (56, 56, 56, '1998-10-22 22:23:21');
INSERT INTO `users_likes` (`id`, `author_id`, `user_id`, `created_at`) VALUES (57, 57, 57, '1970-12-23 01:39:45');
INSERT INTO `users_likes` (`id`, `author_id`, `user_id`, `created_at`) VALUES (58, 58, 58, '1972-06-27 09:03:54');
INSERT INTO `users_likes` (`id`, `author_id`, `user_id`, `created_at`) VALUES (59, 59, 59, '1983-08-01 03:58:54');
INSERT INTO `users_likes` (`id`, `author_id`, `user_id`, `created_at`) VALUES (60, 60, 60, '1977-01-03 04:45:22');
INSERT INTO `users_likes` (`id`, `author_id`, `user_id`, `created_at`) VALUES (61, 61, 61, '1973-06-15 04:25:36');
INSERT INTO `users_likes` (`id`, `author_id`, `user_id`, `created_at`) VALUES (62, 62, 62, '2005-01-16 11:49:44');
INSERT INTO `users_likes` (`id`, `author_id`, `user_id`, `created_at`) VALUES (63, 63, 63, '1970-11-05 05:50:20');
INSERT INTO `users_likes` (`id`, `author_id`, `user_id`, `created_at`) VALUES (64, 64, 64, '2016-12-01 12:39:49');
INSERT INTO `users_likes` (`id`, `author_id`, `user_id`, `created_at`) VALUES (65, 65, 65, '1979-10-10 16:16:54');
INSERT INTO `users_likes` (`id`, `author_id`, `user_id`, `created_at`) VALUES (66, 66, 66, '2013-12-02 17:18:35');
INSERT INTO `users_likes` (`id`, `author_id`, `user_id`, `created_at`) VALUES (67, 67, 67, '2000-11-28 04:09:48');
INSERT INTO `users_likes` (`id`, `author_id`, `user_id`, `created_at`) VALUES (68, 68, 68, '1990-02-22 20:49:11');
INSERT INTO `users_likes` (`id`, `author_id`, `user_id`, `created_at`) VALUES (69, 69, 69, '1973-07-24 22:34:30');
INSERT INTO `users_likes` (`id`, `author_id`, `user_id`, `created_at`) VALUES (70, 70, 70, '2020-11-19 02:56:48');
INSERT INTO `users_likes` (`id`, `author_id`, `user_id`, `created_at`) VALUES (71, 71, 71, '1971-03-16 16:24:11');
INSERT INTO `users_likes` (`id`, `author_id`, `user_id`, `created_at`) VALUES (72, 72, 72, '2002-03-22 03:04:36');
INSERT INTO `users_likes` (`id`, `author_id`, `user_id`, `created_at`) VALUES (73, 73, 73, '1987-06-20 01:53:43');
INSERT INTO `users_likes` (`id`, `author_id`, `user_id`, `created_at`) VALUES (74, 74, 74, '1973-03-16 14:37:20');
INSERT INTO `users_likes` (`id`, `author_id`, `user_id`, `created_at`) VALUES (75, 75, 75, '1994-08-05 01:25:54');
INSERT INTO `users_likes` (`id`, `author_id`, `user_id`, `created_at`) VALUES (76, 76, 76, '2001-08-01 05:14:09');
INSERT INTO `users_likes` (`id`, `author_id`, `user_id`, `created_at`) VALUES (77, 77, 77, '2006-08-21 02:07:36');
INSERT INTO `users_likes` (`id`, `author_id`, `user_id`, `created_at`) VALUES (78, 78, 78, '1972-06-27 03:45:14');
INSERT INTO `users_likes` (`id`, `author_id`, `user_id`, `created_at`) VALUES (79, 79, 79, '1989-04-18 20:51:48');
INSERT INTO `users_likes` (`id`, `author_id`, `user_id`, `created_at`) VALUES (80, 80, 80, '2016-01-03 16:52:14');
INSERT INTO `users_likes` (`id`, `author_id`, `user_id`, `created_at`) VALUES (81, 81, 81, '2017-09-19 14:45:14');
INSERT INTO `users_likes` (`id`, `author_id`, `user_id`, `created_at`) VALUES (82, 82, 82, '1972-10-21 16:53:23');
INSERT INTO `users_likes` (`id`, `author_id`, `user_id`, `created_at`) VALUES (83, 83, 83, '1993-12-11 05:23:08');
INSERT INTO `users_likes` (`id`, `author_id`, `user_id`, `created_at`) VALUES (84, 84, 84, '2016-11-28 05:57:36');
INSERT INTO `users_likes` (`id`, `author_id`, `user_id`, `created_at`) VALUES (85, 85, 85, '2008-12-06 03:32:49');
INSERT INTO `users_likes` (`id`, `author_id`, `user_id`, `created_at`) VALUES (86, 86, 86, '1974-06-14 08:44:55');
INSERT INTO `users_likes` (`id`, `author_id`, `user_id`, `created_at`) VALUES (87, 87, 87, '1996-12-26 07:24:22');
INSERT INTO `users_likes` (`id`, `author_id`, `user_id`, `created_at`) VALUES (88, 88, 88, '1991-09-11 11:23:16');
INSERT INTO `users_likes` (`id`, `author_id`, `user_id`, `created_at`) VALUES (89, 89, 89, '2006-09-01 02:22:33');
INSERT INTO `users_likes` (`id`, `author_id`, `user_id`, `created_at`) VALUES (90, 90, 90, '1986-08-01 01:11:40');
INSERT INTO `users_likes` (`id`, `author_id`, `user_id`, `created_at`) VALUES (91, 91, 91, '1996-10-31 17:02:04');
INSERT INTO `users_likes` (`id`, `author_id`, `user_id`, `created_at`) VALUES (92, 92, 92, '1984-11-02 21:27:19');
INSERT INTO `users_likes` (`id`, `author_id`, `user_id`, `created_at`) VALUES (93, 93, 93, '1987-03-03 22:54:04');
INSERT INTO `users_likes` (`id`, `author_id`, `user_id`, `created_at`) VALUES (94, 94, 94, '2002-08-05 08:08:58');
INSERT INTO `users_likes` (`id`, `author_id`, `user_id`, `created_at`) VALUES (95, 95, 95, '1983-10-28 15:36:30');
INSERT INTO `users_likes` (`id`, `author_id`, `user_id`, `created_at`) VALUES (96, 96, 96, '1989-01-05 21:08:49');
INSERT INTO `users_likes` (`id`, `author_id`, `user_id`, `created_at`) VALUES (97, 97, 97, '1972-06-14 09:18:42');
INSERT INTO `users_likes` (`id`, `author_id`, `user_id`, `created_at`) VALUES (98, 98, 98, '1998-12-15 08:36:43');
INSERT INTO `users_likes` (`id`, `author_id`, `user_id`, `created_at`) VALUES (99, 99, 99, '1999-09-03 19:45:43');
INSERT INTO `users_likes` (`id`, `author_id`, `user_id`, `created_at`) VALUES (100, 100, 100, '1990-06-06 15:52:21');


INSERT INTO `profiles` (`id`, `user_id`, `gender`, `birthday`, `status`, `city`, `country`, `created_at`, `updated_at`) VALUES (1, 1, 'M', '1970-10-01', 'Ipsam quia id omnis doloribus.', 'New Braden', '42', '2010-05-26 15:42:50', '1990-05-02 15:45:16');
INSERT INTO `profiles` (`id`, `user_id`, `gender`, `birthday`, `status`, `city`, `country`, `created_at`, `updated_at`) VALUES (2, 2, 'F', '1995-12-17', 'Illum est non iure harum autem', 'Kennithstad', '4546', '1984-12-09 03:49:21', '2019-02-19 16:24:02');
INSERT INTO `profiles` (`id`, `user_id`, `gender`, `birthday`, `status`, `city`, `country`, `created_at`, `updated_at`) VALUES (3, 3, 'F', '2002-11-23', 'Ducimus debitis quas mollitia ', 'Wardport', '50217952', '2000-11-06 22:45:24', '1976-02-26 10:04:29');
INSERT INTO `profiles` (`id`, `user_id`, `gender`, `birthday`, `status`, `city`, `country`, `created_at`, `updated_at`) VALUES (4, 4, 'M', '1981-11-09', 'Nulla soluta architecto sunt a', 'Masonstad', '5769504', '2019-03-06 06:12:14', '1987-11-14 03:49:08');
INSERT INTO `profiles` (`id`, `user_id`, `gender`, `birthday`, `status`, `city`, `country`, `created_at`, `updated_at`) VALUES (5, 5, 'F', '2003-11-06', 'Iusto est qui reprehenderit. A', 'Jacintheberg', '', '2008-01-04 13:08:32', '1995-03-07 09:30:05');
INSERT INTO `profiles` (`id`, `user_id`, `gender`, `birthday`, `status`, `city`, `country`, `created_at`, `updated_at`) VALUES (6, 6, 'M', '2017-06-22', 'Asperiores veniam deleniti mol', 'Hamillstad', '550657', '2011-10-12 07:52:55', '2009-01-02 09:34:32');
INSERT INTO `profiles` (`id`, `user_id`, `gender`, `birthday`, `status`, `city`, `country`, `created_at`, `updated_at`) VALUES (7, 7, 'M', '2006-03-10', 'Corrupti et hic nihil eum volu', 'Baumbachshire', '31096', '1970-01-11 23:06:10', '2010-08-25 22:27:29');
INSERT INTO `profiles` (`id`, `user_id`, `gender`, `birthday`, `status`, `city`, `country`, `created_at`, `updated_at`) VALUES (8, 8, 'F', '1982-10-25', 'Et quis expedita rerum laborio', 'South Jaceside', '67', '1979-05-11 12:12:59', '1987-03-14 16:14:29');
INSERT INTO `profiles` (`id`, `user_id`, `gender`, `birthday`, `status`, `city`, `country`, `created_at`, `updated_at`) VALUES (9, 9, 'M', '1978-09-10', 'Dolores voluptates minus quasi', 'Port Maiashire', '2914156', '2003-11-03 21:02:37', '2016-07-12 21:37:21');
INSERT INTO `profiles` (`id`, `user_id`, `gender`, `birthday`, `status`, `city`, `country`, `created_at`, `updated_at`) VALUES (10, 10, 'M', '1999-04-21', 'Facilis ut sed tenetur eum vel', 'Janchester', '186', '1990-03-25 22:02:06', '1971-11-06 06:52:15');
INSERT INTO `profiles` (`id`, `user_id`, `gender`, `birthday`, `status`, `city`, `country`, `created_at`, `updated_at`) VALUES (11, 11, 'F', '1987-07-16', 'Beatae aliquid impedit eum eni', 'South Pasquale', '13055', '1978-03-23 12:39:34', '2007-09-16 05:53:16');
INSERT INTO `profiles` (`id`, `user_id`, `gender`, `birthday`, `status`, `city`, `country`, `created_at`, `updated_at`) VALUES (12, 12, 'F', '1981-11-30', 'Vel non odit autem numquam ea ', 'New Arnoldoshire', '164', '2014-11-20 22:19:38', '1991-12-21 00:06:46');
INSERT INTO `profiles` (`id`, `user_id`, `gender`, `birthday`, `status`, `city`, `country`, `created_at`, `updated_at`) VALUES (13, 13, 'F', '2018-10-21', 'Distinctio nostrum doloribus s', 'Port Brentland', '7615158', '1991-05-12 06:30:49', '2014-05-08 08:46:52');
INSERT INTO `profiles` (`id`, `user_id`, `gender`, `birthday`, `status`, `city`, `country`, `created_at`, `updated_at`) VALUES (14, 14, 'F', '1988-07-28', 'Voluptas molestiae assumenda s', 'Feeneyland', '', '2009-02-15 19:21:21', '2019-03-03 00:47:41');
INSERT INTO `profiles` (`id`, `user_id`, `gender`, `birthday`, `status`, `city`, `country`, `created_at`, `updated_at`) VALUES (15, 15, 'F', '2002-01-29', 'Ea et aut rem reprehenderit es', 'North Lazaroland', '42589', '2016-07-07 10:02:50', '2012-01-28 18:55:11');
INSERT INTO `profiles` (`id`, `user_id`, `gender`, `birthday`, `status`, `city`, `country`, `created_at`, `updated_at`) VALUES (16, 16, 'F', '1977-06-17', 'Incidunt eum saepe non non. Of', 'Larkinview', '', '2001-05-09 03:56:00', '2018-04-06 02:39:40');
INSERT INTO `profiles` (`id`, `user_id`, `gender`, `birthday`, `status`, `city`, `country`, `created_at`, `updated_at`) VALUES (17, 17, 'M', '1999-12-10', 'Nam omnis consequatur iure ad ', 'Kyleighberg', '', '2011-12-04 23:33:23', '2000-07-05 22:28:37');
INSERT INTO `profiles` (`id`, `user_id`, `gender`, `birthday`, `status`, `city`, `country`, `created_at`, `updated_at`) VALUES (18, 18, 'F', '2015-11-22', 'Maxime voluptas natus dolor et', 'West Marguerite', '74318792', '1996-07-10 05:10:13', '1997-08-30 02:00:29');
INSERT INTO `profiles` (`id`, `user_id`, `gender`, `birthday`, `status`, `city`, `country`, `created_at`, `updated_at`) VALUES (19, 19, 'F', '2008-06-26', 'Molestias qui voluptatem nihil', 'Mannton', '94', '1972-08-03 09:44:08', '1977-02-13 16:50:15');
INSERT INTO `profiles` (`id`, `user_id`, `gender`, `birthday`, `status`, `city`, `country`, `created_at`, `updated_at`) VALUES (20, 20, 'F', '2005-11-16', 'Sed eos dolorem eos cum. A odi', 'New Courtneytown', '5833', '2013-01-10 22:24:52', '2018-04-21 13:20:06');
INSERT INTO `profiles` (`id`, `user_id`, `gender`, `birthday`, `status`, `city`, `country`, `created_at`, `updated_at`) VALUES (21, 21, 'F', '2020-02-08', 'Tempora at fugiat odio ut cons', 'Port Rafaelachester', '16100293', '1998-01-19 09:29:25', '1993-09-21 02:46:17');
INSERT INTO `profiles` (`id`, `user_id`, `gender`, `birthday`, `status`, `city`, `country`, `created_at`, `updated_at`) VALUES (22, 22, 'M', '2016-04-14', 'Esse consectetur commodi tempo', 'Lake Anthonymouth', '27', '1984-07-29 17:08:57', '1976-02-25 19:43:48');
INSERT INTO `profiles` (`id`, `user_id`, `gender`, `birthday`, `status`, `city`, `country`, `created_at`, `updated_at`) VALUES (23, 23, 'F', '1991-06-28', 'Eos dolorem ipsam quas quia es', 'South Winonaside', '443905828', '2002-09-16 16:15:15', '1982-08-29 09:14:11');
INSERT INTO `profiles` (`id`, `user_id`, `gender`, `birthday`, `status`, `city`, `country`, `created_at`, `updated_at`) VALUES (24, 24, 'F', '2015-06-11', 'Occaecati quis harum eligendi ', 'West Craigland', '78', '1998-01-23 08:33:22', '2003-01-10 09:48:23');
INSERT INTO `profiles` (`id`, `user_id`, `gender`, `birthday`, `status`, `city`, `country`, `created_at`, `updated_at`) VALUES (25, 25, 'M', '2000-09-14', 'Incidunt vel placeat soluta iu', 'New Dillon', '7', '1972-10-19 09:17:42', '2018-11-12 06:46:20');
INSERT INTO `profiles` (`id`, `user_id`, `gender`, `birthday`, `status`, `city`, `country`, `created_at`, `updated_at`) VALUES (26, 26, 'F', '2002-07-05', 'Nihil nobis architecto aliquam', 'South Luna', '4', '2006-03-13 05:55:35', '2014-05-21 20:34:45');
INSERT INTO `profiles` (`id`, `user_id`, `gender`, `birthday`, `status`, `city`, `country`, `created_at`, `updated_at`) VALUES (27, 27, 'F', '1985-01-30', 'Dolor neque consequatur quis a', 'Medhurstburgh', '5180', '1970-05-20 11:26:52', '1997-01-30 08:26:46');
INSERT INTO `profiles` (`id`, `user_id`, `gender`, `birthday`, `status`, `city`, `country`, `created_at`, `updated_at`) VALUES (28, 28, 'F', '2017-02-22', 'Sed illum et accusantium rem c', 'Lake Alysha', '8604248', '2020-03-27 20:56:05', '1993-06-10 03:11:10');
INSERT INTO `profiles` (`id`, `user_id`, `gender`, `birthday`, `status`, `city`, `country`, `created_at`, `updated_at`) VALUES (29, 29, 'M', '2019-11-29', 'Aut ratione illum ut molestias', 'New Elna', '6', '1971-08-26 10:13:27', '1982-12-02 20:35:42');
INSERT INTO `profiles` (`id`, `user_id`, `gender`, `birthday`, `status`, `city`, `country`, `created_at`, `updated_at`) VALUES (30, 30, 'F', '2007-08-23', 'Rem eveniet et autem ab quia m', 'Pearliestad', '1', '1985-06-16 15:28:19', '2005-04-18 09:43:13');
INSERT INTO `profiles` (`id`, `user_id`, `gender`, `birthday`, `status`, `city`, `country`, `created_at`, `updated_at`) VALUES (31, 31, 'F', '1997-05-28', 'At aperiam dolores totam rerum', 'New Charlotte', '954961531', '1979-11-14 04:49:24', '1998-11-08 09:23:52');
INSERT INTO `profiles` (`id`, `user_id`, `gender`, `birthday`, `status`, `city`, `country`, `created_at`, `updated_at`) VALUES (32, 32, 'M', '2021-05-29', 'Voluptate quidem quos nisi aut', 'East Rebekahmouth', '', '2006-07-07 12:32:05', '1979-11-29 18:28:06');
INSERT INTO `profiles` (`id`, `user_id`, `gender`, `birthday`, `status`, `city`, `country`, `created_at`, `updated_at`) VALUES (33, 33, 'M', '2003-12-16', 'Fugit maiores tempora et eius ', 'Kuhlmanland', '6299611', '1980-10-10 23:34:46', '1992-03-05 07:54:07');
INSERT INTO `profiles` (`id`, `user_id`, `gender`, `birthday`, `status`, `city`, `country`, `created_at`, `updated_at`) VALUES (34, 34, 'M', '1987-12-19', 'Aut voluptas non maxime quos a', 'Morarburgh', '76791933', '2010-07-01 15:39:54', '2021-07-10 13:44:15');
INSERT INTO `profiles` (`id`, `user_id`, `gender`, `birthday`, `status`, `city`, `country`, `created_at`, `updated_at`) VALUES (35, 35, 'M', '1994-11-18', 'Est molestias dolores suscipit', 'Fannieside', '', '1973-08-22 11:57:02', '1995-06-11 14:45:48');
INSERT INTO `profiles` (`id`, `user_id`, `gender`, `birthday`, `status`, `city`, `country`, `created_at`, `updated_at`) VALUES (36, 36, 'F', '1997-08-14', 'Est quas quo inventore ipsa ra', 'Terryborough', '57211570', '1977-08-11 16:56:44', '2006-08-03 00:08:50');
INSERT INTO `profiles` (`id`, `user_id`, `gender`, `birthday`, `status`, `city`, `country`, `created_at`, `updated_at`) VALUES (37, 37, 'F', '2011-03-06', 'Soluta provident nihil quod eu', 'East Arlo', '67295', '1970-07-07 07:28:37', '2017-09-07 03:06:42');
INSERT INTO `profiles` (`id`, `user_id`, `gender`, `birthday`, `status`, `city`, `country`, `created_at`, `updated_at`) VALUES (38, 38, 'F', '1982-05-16', 'Et quod commodi in quidem unde', 'East Turnerfurt', '47', '2010-11-27 18:32:08', '1976-09-28 04:53:42');
INSERT INTO `profiles` (`id`, `user_id`, `gender`, `birthday`, `status`, `city`, `country`, `created_at`, `updated_at`) VALUES (39, 39, 'M', '1983-03-11', 'Sint magni voluptas optio ut a', 'Port Josuefort', '22', '1976-06-07 12:47:19', '1979-06-15 09:23:07');
INSERT INTO `profiles` (`id`, `user_id`, `gender`, `birthday`, `status`, `city`, `country`, `created_at`, `updated_at`) VALUES (40, 40, 'F', '2003-06-15', 'Totam in minus repellat non ut', 'New Kelsie', '7', '1974-06-07 05:58:20', '2020-12-19 00:33:38');
INSERT INTO `profiles` (`id`, `user_id`, `gender`, `birthday`, `status`, `city`, `country`, `created_at`, `updated_at`) VALUES (41, 41, 'F', '1986-12-14', 'Quis quae et maiores officiis.', 'Strackemouth', '20189', '2001-12-13 10:57:01', '1973-05-27 05:58:06');
INSERT INTO `profiles` (`id`, `user_id`, `gender`, `birthday`, `status`, `city`, `country`, `created_at`, `updated_at`) VALUES (42, 42, 'F', '2019-08-11', 'Repudiandae commodi occaecati ', 'South Toneyton', '20', '2001-07-27 14:34:54', '2007-08-25 16:11:10');
INSERT INTO `profiles` (`id`, `user_id`, `gender`, `birthday`, `status`, `city`, `country`, `created_at`, `updated_at`) VALUES (43, 43, 'M', '2006-03-14', 'Deleniti fugit est ut necessit', 'Whiteside', '36982446', '1988-01-27 20:16:18', '1981-06-01 07:10:55');
INSERT INTO `profiles` (`id`, `user_id`, `gender`, `birthday`, `status`, `city`, `country`, `created_at`, `updated_at`) VALUES (44, 44, 'F', '2012-05-13', 'Et corrupti cumque sunt ad omn', 'Lake Verdiestad', '405111334', '1975-04-14 05:33:33', '2019-03-28 04:08:09');
INSERT INTO `profiles` (`id`, `user_id`, `gender`, `birthday`, `status`, `city`, `country`, `created_at`, `updated_at`) VALUES (45, 45, 'M', '1992-09-24', 'Pariatur provident nisi sit in', 'Huelsshire', '837799', '1982-10-30 05:42:55', '2002-10-27 07:17:53');
INSERT INTO `profiles` (`id`, `user_id`, `gender`, `birthday`, `status`, `city`, `country`, `created_at`, `updated_at`) VALUES (46, 46, 'M', '1986-09-27', 'Sunt laboriosam excepturi pari', 'Port Michael', '553', '1976-06-16 18:57:57', '1986-01-16 14:19:45');
INSERT INTO `profiles` (`id`, `user_id`, `gender`, `birthday`, `status`, `city`, `country`, `created_at`, `updated_at`) VALUES (47, 47, 'F', '2001-01-20', 'Cupiditate ipsum aut eveniet u', 'Trenthaven', '', '1994-09-14 12:06:22', '2017-04-17 16:10:35');
INSERT INTO `profiles` (`id`, `user_id`, `gender`, `birthday`, `status`, `city`, `country`, `created_at`, `updated_at`) VALUES (48, 48, 'M', '2010-03-05', 'Qui et quis saepe minima. Libe', 'Carmelaland', '53658987', '2008-05-11 06:49:50', '2000-07-02 16:02:07');
INSERT INTO `profiles` (`id`, `user_id`, `gender`, `birthday`, `status`, `city`, `country`, `created_at`, `updated_at`) VALUES (49, 49, 'F', '2017-08-15', 'Odio nemo blanditiis eum quia ', 'Beattyside', '1257361', '1980-07-17 09:06:17', '1985-06-22 17:24:37');
INSERT INTO `profiles` (`id`, `user_id`, `gender`, `birthday`, `status`, `city`, `country`, `created_at`, `updated_at`) VALUES (50, 50, 'F', '2018-11-17', 'Velit quae at beatae nihil ad ', 'North Jessy', '9080', '2014-10-22 09:50:12', '2019-10-30 14:13:23');
INSERT INTO `profiles` (`id`, `user_id`, `gender`, `birthday`, `status`, `city`, `country`, `created_at`, `updated_at`) VALUES (51, 51, 'M', '1996-08-24', 'At assumenda illum tempore nam', 'Port Jadeland', '4', '1988-08-11 06:36:31', '1993-04-28 07:51:37');
INSERT INTO `profiles` (`id`, `user_id`, `gender`, `birthday`, `status`, `city`, `country`, `created_at`, `updated_at`) VALUES (52, 52, 'M', '2007-09-21', 'Doloribus soluta voluptatibus ', 'Vitaland', '44', '1992-06-01 21:09:08', '2007-05-08 10:52:56');
INSERT INTO `profiles` (`id`, `user_id`, `gender`, `birthday`, `status`, `city`, `country`, `created_at`, `updated_at`) VALUES (53, 53, 'M', '1986-12-03', 'Aspernatur et nihil harum vero', 'North Eli', '2', '1979-02-05 10:41:07', '1974-11-23 13:11:07');
INSERT INTO `profiles` (`id`, `user_id`, `gender`, `birthday`, `status`, `city`, `country`, `created_at`, `updated_at`) VALUES (54, 54, 'M', '2000-09-14', 'Voluptate sint perferendis nih', 'Lake Modestoview', '58', '2013-07-17 10:00:25', '2011-11-08 22:32:23');
INSERT INTO `profiles` (`id`, `user_id`, `gender`, `birthday`, `status`, `city`, `country`, `created_at`, `updated_at`) VALUES (55, 55, 'M', '1992-09-29', 'Quod et aut delectus laborum a', 'Louieberg', '1', '2006-02-12 12:54:07', '1992-04-20 19:44:57');
INSERT INTO `profiles` (`id`, `user_id`, `gender`, `birthday`, `status`, `city`, `country`, `created_at`, `updated_at`) VALUES (56, 56, 'M', '1988-07-21', 'Maiores nihil molestiae veniam', 'Robertsshire', '47081688', '1991-12-29 03:15:22', '1987-12-26 20:09:03');
INSERT INTO `profiles` (`id`, `user_id`, `gender`, `birthday`, `status`, `city`, `country`, `created_at`, `updated_at`) VALUES (57, 57, 'M', '1974-07-09', 'Quia facilis quaerat perferend', 'Delphinefurt', '84', '2003-09-14 03:26:41', '2015-07-20 13:07:12');
INSERT INTO `profiles` (`id`, `user_id`, `gender`, `birthday`, `status`, `city`, `country`, `created_at`, `updated_at`) VALUES (58, 58, 'F', '2006-05-08', 'Expedita consectetur sed alias', 'Port Felipe', '8900', '2018-03-17 14:27:34', '2012-03-06 05:19:53');
INSERT INTO `profiles` (`id`, `user_id`, `gender`, `birthday`, `status`, `city`, `country`, `created_at`, `updated_at`) VALUES (59, 59, 'F', '1999-05-09', 'Animi officiis sit autem tenet', 'Halvorsonhaven', '2409811', '2015-02-18 15:11:38', '2005-06-04 04:33:27');
INSERT INTO `profiles` (`id`, `user_id`, `gender`, `birthday`, `status`, `city`, `country`, `created_at`, `updated_at`) VALUES (60, 60, 'F', '2017-07-09', 'Facilis et aut vel. Minus dolo', 'Hammesshire', '4916', '1991-04-25 10:14:28', '1974-07-15 22:05:44');
INSERT INTO `profiles` (`id`, `user_id`, `gender`, `birthday`, `status`, `city`, `country`, `created_at`, `updated_at`) VALUES (61, 61, 'F', '2012-10-03', 'Iure labore ad dignissimos vol', 'East Jany', '24', '1986-06-11 03:03:40', '2006-05-02 09:50:01');
INSERT INTO `profiles` (`id`, `user_id`, `gender`, `birthday`, `status`, `city`, `country`, `created_at`, `updated_at`) VALUES (62, 62, 'F', '1993-09-16', 'Animi ea nobis recusandae. Mol', 'New Alexandershire', '', '2016-12-30 19:02:01', '2002-02-06 12:32:20');
INSERT INTO `profiles` (`id`, `user_id`, `gender`, `birthday`, `status`, `city`, `country`, `created_at`, `updated_at`) VALUES (63, 63, 'M', '2002-06-21', 'Accusamus magni rerum neque qu', 'Lake Josiane', '938016086', '2010-12-17 05:32:22', '2017-01-19 04:15:55');
INSERT INTO `profiles` (`id`, `user_id`, `gender`, `birthday`, `status`, `city`, `country`, `created_at`, `updated_at`) VALUES (64, 64, 'F', '2004-02-13', 'Nobis magni veniam et dolorem ', 'North Otilia', '928479240', '1984-11-01 22:34:27', '1987-03-03 09:34:53');
INSERT INTO `profiles` (`id`, `user_id`, `gender`, `birthday`, `status`, `city`, `country`, `created_at`, `updated_at`) VALUES (65, 65, 'M', '1976-06-27', 'Quo facere nulla itaque fugit ', 'New Bradberg', '88008087', '2012-07-22 21:30:34', '1984-01-15 19:48:52');
INSERT INTO `profiles` (`id`, `user_id`, `gender`, `birthday`, `status`, `city`, `country`, `created_at`, `updated_at`) VALUES (66, 66, 'F', '2021-04-14', 'Ab iusto deleniti aut et. Volu', 'Terryshire', '272', '1998-10-31 23:43:29', '2008-01-15 21:07:59');
INSERT INTO `profiles` (`id`, `user_id`, `gender`, `birthday`, `status`, `city`, `country`, `created_at`, `updated_at`) VALUES (67, 67, 'F', '2018-01-29', 'Cum doloremque nostrum quo rec', 'Annamaetown', '779', '2012-12-12 17:30:38', '2018-08-06 03:02:18');
INSERT INTO `profiles` (`id`, `user_id`, `gender`, `birthday`, `status`, `city`, `country`, `created_at`, `updated_at`) VALUES (68, 68, 'M', '2019-02-11', 'Accusamus tempora atque facili', 'Jacobsonhaven', '913', '1989-09-14 11:03:04', '1982-06-26 20:25:56');
INSERT INTO `profiles` (`id`, `user_id`, `gender`, `birthday`, `status`, `city`, `country`, `created_at`, `updated_at`) VALUES (69, 69, 'M', '2001-01-01', 'Cumque mollitia voluptatem et.', 'West Ledafurt', '50335', '1981-06-26 01:41:51', '2019-09-25 16:53:04');
INSERT INTO `profiles` (`id`, `user_id`, `gender`, `birthday`, `status`, `city`, `country`, `created_at`, `updated_at`) VALUES (70, 70, 'M', '2004-04-19', 'Voluptas earum voluptatem aliq', 'Daijabury', '6958454', '1991-05-12 00:18:02', '1970-08-14 00:01:54');
INSERT INTO `profiles` (`id`, `user_id`, `gender`, `birthday`, `status`, `city`, `country`, `created_at`, `updated_at`) VALUES (71, 71, 'F', '1981-01-03', 'Libero error animi hic eum rep', 'Bellmouth', '472061816', '1978-10-07 06:54:45', '2012-08-17 21:19:10');
INSERT INTO `profiles` (`id`, `user_id`, `gender`, `birthday`, `status`, `city`, `country`, `created_at`, `updated_at`) VALUES (72, 72, 'F', '1986-03-06', 'Est quasi quam dolores ipsam n', 'Ariannahaven', '31994389', '1992-10-27 11:43:32', '2018-05-20 04:00:49');
INSERT INTO `profiles` (`id`, `user_id`, `gender`, `birthday`, `status`, `city`, `country`, `created_at`, `updated_at`) VALUES (73, 73, 'M', '1977-06-25', 'In debitis aliquid aliquam mag', 'Port Scarlett', '29', '2014-03-04 22:42:00', '2020-02-24 18:33:11');
INSERT INTO `profiles` (`id`, `user_id`, `gender`, `birthday`, `status`, `city`, `country`, `created_at`, `updated_at`) VALUES (74, 74, 'M', '1989-11-29', 'Sapiente distinctio soluta vol', 'Bernhardberg', '260313', '1975-07-18 09:13:47', '2017-12-11 00:49:30');
INSERT INTO `profiles` (`id`, `user_id`, `gender`, `birthday`, `status`, `city`, `country`, `created_at`, `updated_at`) VALUES (75, 75, 'M', '1980-08-08', 'Iure delectus amet quas tempor', 'New Bransonstad', '42023', '2018-07-24 15:26:53', '2013-04-08 22:06:14');
INSERT INTO `profiles` (`id`, `user_id`, `gender`, `birthday`, `status`, `city`, `country`, `created_at`, `updated_at`) VALUES (76, 76, 'M', '1991-06-01', 'Est est autem in vel ducimus. ', 'Erdmanfurt', '875835', '1984-08-13 22:23:09', '1982-10-02 21:11:04');
INSERT INTO `profiles` (`id`, `user_id`, `gender`, `birthday`, `status`, `city`, `country`, `created_at`, `updated_at`) VALUES (77, 77, 'F', '1985-11-01', 'Ducimus debitis quia dolor. Di', 'West Tressieshire', '281690', '2003-12-04 00:53:11', '2013-01-21 11:16:18');
INSERT INTO `profiles` (`id`, `user_id`, `gender`, `birthday`, `status`, `city`, `country`, `created_at`, `updated_at`) VALUES (78, 78, 'M', '1998-11-25', 'Amet voluptate facilis minima ', 'North Taya', '85177383', '2006-06-08 21:19:28', '1988-04-30 03:13:33');
INSERT INTO `profiles` (`id`, `user_id`, `gender`, `birthday`, `status`, `city`, `country`, `created_at`, `updated_at`) VALUES (79, 79, 'F', '2019-06-07', 'Sapiente id temporibus omnis r', 'Beattychester', '5', '1970-09-08 02:17:18', '1978-10-27 17:43:16');
INSERT INTO `profiles` (`id`, `user_id`, `gender`, `birthday`, `status`, `city`, `country`, `created_at`, `updated_at`) VALUES (80, 80, 'F', '1987-06-28', 'Non blanditiis ipsam dignissim', 'Pacochabury', '37', '1994-10-14 03:25:02', '1980-01-01 00:16:56');
INSERT INTO `profiles` (`id`, `user_id`, `gender`, `birthday`, `status`, `city`, `country`, `created_at`, `updated_at`) VALUES (81, 81, 'F', '1986-12-28', 'Vitae dolorum eum itaque eum n', 'South Nealmouth', '718344822', '1995-01-01 00:45:10', '1983-07-21 23:26:42');
INSERT INTO `profiles` (`id`, `user_id`, `gender`, `birthday`, `status`, `city`, `country`, `created_at`, `updated_at`) VALUES (82, 82, 'M', '1972-10-31', 'Aut quibusdam voluptatum amet ', 'Port Austinfort', '68', '1970-05-13 16:28:46', '1972-11-08 16:10:31');
INSERT INTO `profiles` (`id`, `user_id`, `gender`, `birthday`, `status`, `city`, `country`, `created_at`, `updated_at`) VALUES (83, 83, 'M', '2003-01-16', 'Omnis dicta aut voluptate non ', 'Ruthieburgh', '3', '1976-11-27 18:58:05', '1996-10-13 20:00:15');
INSERT INTO `profiles` (`id`, `user_id`, `gender`, `birthday`, `status`, `city`, `country`, `created_at`, `updated_at`) VALUES (84, 84, 'M', '1985-10-12', 'Voluptatem excepturi magni dol', 'West Nikolas', '81', '1981-05-18 10:30:28', '2003-02-26 12:08:16');
INSERT INTO `profiles` (`id`, `user_id`, `gender`, `birthday`, `status`, `city`, `country`, `created_at`, `updated_at`) VALUES (85, 85, 'F', '1986-07-06', 'Facilis et aspernatur occaecat', 'Violetport', '48142382', '1991-10-25 02:15:12', '1990-09-07 13:08:10');
INSERT INTO `profiles` (`id`, `user_id`, `gender`, `birthday`, `status`, `city`, `country`, `created_at`, `updated_at`) VALUES (86, 86, 'F', '2012-06-26', 'Eum vero corrupti officiis por', 'West Conniefurt', '50777', '1979-10-04 05:40:51', '1980-08-16 12:20:15');
INSERT INTO `profiles` (`id`, `user_id`, `gender`, `birthday`, `status`, `city`, `country`, `created_at`, `updated_at`) VALUES (87, 87, 'F', '1986-05-21', 'Et consequatur aspernatur ad e', 'Kassulkeport', '5', '2016-04-20 01:55:03', '2010-10-03 13:32:20');
INSERT INTO `profiles` (`id`, `user_id`, `gender`, `birthday`, `status`, `city`, `country`, `created_at`, `updated_at`) VALUES (88, 88, 'F', '1987-02-15', 'Fugit labore eos laborum rerum', 'Jimmiefurt', '570032', '1986-10-21 15:17:10', '2010-07-17 02:02:55');
INSERT INTO `profiles` (`id`, `user_id`, `gender`, `birthday`, `status`, `city`, `country`, `created_at`, `updated_at`) VALUES (89, 89, 'M', '1986-02-12', 'Ducimus sit consequatur qui ve', 'East Santaland', '451', '1971-05-03 12:52:30', '2009-09-29 17:12:00');
INSERT INTO `profiles` (`id`, `user_id`, `gender`, `birthday`, `status`, `city`, `country`, `created_at`, `updated_at`) VALUES (90, 90, 'M', '1982-01-19', 'Sed natus velit quia rerum pro', 'Daronfort', '92', '1973-10-30 13:06:20', '2002-05-31 15:30:21');
INSERT INTO `profiles` (`id`, `user_id`, `gender`, `birthday`, `status`, `city`, `country`, `created_at`, `updated_at`) VALUES (91, 91, 'F', '1974-05-20', 'Eum voluptate aperiam dolorum ', 'Port Dallas', '27437', '1997-04-12 05:17:50', '1970-02-26 01:53:16');
INSERT INTO `profiles` (`id`, `user_id`, `gender`, `birthday`, `status`, `city`, `country`, `created_at`, `updated_at`) VALUES (92, 92, 'F', '1974-11-28', 'Eos enim et pariatur dicta mol', 'Williamsonborough', '', '1987-10-04 06:34:38', '2015-06-11 05:08:59');
INSERT INTO `profiles` (`id`, `user_id`, `gender`, `birthday`, `status`, `city`, `country`, `created_at`, `updated_at`) VALUES (93, 93, 'M', '2005-12-07', 'Praesentium ut earum laborum r', 'New Lunashire', '642553545', '2012-10-10 14:31:28', '2009-09-20 15:05:21');
INSERT INTO `profiles` (`id`, `user_id`, `gender`, `birthday`, `status`, `city`, `country`, `created_at`, `updated_at`) VALUES (94, 94, 'F', '1998-07-28', 'Est ut praesentium officiis as', 'South Mathilde', '99748545', '2006-05-22 07:50:48', '2008-10-08 09:48:14');
INSERT INTO `profiles` (`id`, `user_id`, `gender`, `birthday`, `status`, `city`, `country`, `created_at`, `updated_at`) VALUES (95, 95, 'F', '1995-06-22', 'Minus ipsa expedita et volupta', 'Marcelinoville', '6202', '1972-07-25 10:36:27', '1983-02-24 01:50:17');
INSERT INTO `profiles` (`id`, `user_id`, `gender`, `birthday`, `status`, `city`, `country`, `created_at`, `updated_at`) VALUES (96, 96, 'F', '1977-09-25', 'Odio eos laudantium vero cupid', 'Baileefurt', '', '2004-06-20 10:24:54', '2017-09-16 08:47:55');
INSERT INTO `profiles` (`id`, `user_id`, `gender`, `birthday`, `status`, `city`, `country`, `created_at`, `updated_at`) VALUES (97, 97, 'M', '1971-07-29', 'Et et veritatis consequuntur n', 'Kovacekland', '834', '1983-08-31 07:47:50', '1979-03-11 06:41:59');
INSERT INTO `profiles` (`id`, `user_id`, `gender`, `birthday`, `status`, `city`, `country`, `created_at`, `updated_at`) VALUES (98, 98, 'M', '2008-06-06', 'Et consequatur quo laboriosam ', 'Rolandoview', '47', '2017-04-07 07:28:48', '1972-02-14 05:40:15');
INSERT INTO `profiles` (`id`, `user_id`, `gender`, `birthday`, `status`, `city`, `country`, `created_at`, `updated_at`) VALUES (99, 99, 'M', '1982-07-28', 'Esse minus in tempora omnis di', 'Lake Lonzoburgh', '216045', '2007-09-05 10:19:20', '1996-12-28 13:07:59');
INSERT INTO `profiles` (`id`, `user_id`, `gender`, `birthday`, `status`, `city`, `country`, `created_at`, `updated_at`) VALUES (100, 100, 'F', '2012-12-24', 'Nihil unde aut libero praesent', 'South Samport', '', '1978-03-05 18:50:57', '2004-03-06 05:52:25');

INSERT INTO `messages` (`id`, `from_user_id`, `to_user_id`, `body`, `is_important`, `is_delivered`, `created_at`, `updated_at`) VALUES (1, 1, 1, 'Praesentium aut voluptatum voluptas id distinctio. Omnis tenetur sunt repellendus maiores omnis adipisci. Est et voluptatem quo cumque rerum voluptas sunt.', 1, 1, '2003-07-18 21:56:36', '1977-01-14 00:18:22');
INSERT INTO `messages` (`id`, `from_user_id`, `to_user_id`, `body`, `is_important`, `is_delivered`, `created_at`, `updated_at`) VALUES (2, 2, 2, 'At cumque rerum numquam. Aliquid minima incidunt hic deserunt. Rerum et at amet tenetur cupiditate.', 0, 1, '2012-09-15 02:47:48', '2017-07-18 04:29:03');
INSERT INTO `messages` (`id`, `from_user_id`, `to_user_id`, `body`, `is_important`, `is_delivered`, `created_at`, `updated_at`) VALUES (3, 3, 3, 'Ipsam eveniet ea et. Consequatur sunt pariatur et et. Fugiat ipsam aut incidunt eos incidunt.', 0, 1, '1991-05-02 23:29:56', '1993-06-08 15:05:13');
INSERT INTO `messages` (`id`, `from_user_id`, `to_user_id`, `body`, `is_important`, `is_delivered`, `created_at`, `updated_at`) VALUES (4, 4, 4, 'Voluptatem nihil at distinctio occaecati nam. Animi dolores perspiciatis est autem ut illo enim. Provident est praesentium aut. Ullam voluptatem perferendis quidem velit sunt.', 0, 1, '2003-08-07 00:01:07', '1971-04-07 01:56:51');
INSERT INTO `messages` (`id`, `from_user_id`, `to_user_id`, `body`, `is_important`, `is_delivered`, `created_at`, `updated_at`) VALUES (5, 5, 5, 'Maiores explicabo commodi aut ipsam et. Omnis provident autem natus earum eius id molestiae. A est et rem hic voluptate. Provident voluptas quod voluptas sapiente in fugiat.', 1, 1, '1992-03-14 12:45:20', '1981-03-29 11:22:17');
INSERT INTO `messages` (`id`, `from_user_id`, `to_user_id`, `body`, `is_important`, `is_delivered`, `created_at`, `updated_at`) VALUES (6, 6, 6, 'Quia deserunt provident id delectus eum aut. Quisquam dolor neque animi sed rerum natus praesentium. Et consequatur voluptas qui ut. Sint doloremque id sit quos possimus. Voluptatem quisquam dolorem et labore sit sed sed.', 0, 0, '2012-09-27 10:51:42', '2021-04-30 16:22:40');
INSERT INTO `messages` (`id`, `from_user_id`, `to_user_id`, `body`, `is_important`, `is_delivered`, `created_at`, `updated_at`) VALUES (7, 7, 7, 'Odio placeat eos in occaecati nesciunt ad. Et est et sed omnis. Aliquid earum animi possimus voluptatem. Saepe qui dignissimos nam et molestiae quas sit.', 0, 1, '1974-06-13 22:57:02', '2003-09-25 11:51:16');
INSERT INTO `messages` (`id`, `from_user_id`, `to_user_id`, `body`, `is_important`, `is_delivered`, `created_at`, `updated_at`) VALUES (8, 8, 8, 'Et omnis veritatis ex. Dolorem assumenda est inventore officiis earum fugiat a voluptatem. Magnam suscipit ab sint quas ipsa libero et iure. Voluptatem qui nam molestiae dignissimos possimus voluptatem.', 0, 0, '2002-06-27 15:28:22', '2020-08-02 22:39:24');
INSERT INTO `messages` (`id`, `from_user_id`, `to_user_id`, `body`, `is_important`, `is_delivered`, `created_at`, `updated_at`) VALUES (9, 9, 9, 'Sunt voluptatibus iure sed sed ab praesentium necessitatibus quisquam. Rem distinctio itaque rerum est voluptatibus. Voluptatum illo saepe unde maiores dolor dolorem eveniet.', 1, 1, '1982-05-08 03:32:55', '1975-04-05 19:42:05');
INSERT INTO `messages` (`id`, `from_user_id`, `to_user_id`, `body`, `is_important`, `is_delivered`, `created_at`, `updated_at`) VALUES (10, 10, 10, 'Autem doloremque aut ipsum. Porro enim molestiae et dolorum. Est similique qui modi voluptates.', 1, 0, '2003-10-16 03:18:58', '2007-07-12 02:31:02');
INSERT INTO `messages` (`id`, `from_user_id`, `to_user_id`, `body`, `is_important`, `is_delivered`, `created_at`, `updated_at`) VALUES (11, 11, 11, 'Aut delectus non architecto ut aperiam non id. Quia in rerum qui enim rerum non. Reprehenderit veniam hic quod inventore vel pariatur quisquam. Necessitatibus sequi dolorem aliquid.', 0, 0, '2021-03-29 10:23:23', '2005-09-15 23:24:14');
INSERT INTO `messages` (`id`, `from_user_id`, `to_user_id`, `body`, `is_important`, `is_delivered`, `created_at`, `updated_at`) VALUES (12, 12, 12, 'Ratione cumque et voluptatem molestias. Iusto voluptas voluptas ea corrupti id consequatur. Nihil laudantium non est est enim nemo. Delectus nihil at sit labore accusantium facere dignissimos.', 1, 0, '1989-09-09 12:55:29', '1975-11-09 12:44:30');
INSERT INTO `messages` (`id`, `from_user_id`, `to_user_id`, `body`, `is_important`, `is_delivered`, `created_at`, `updated_at`) VALUES (13, 13, 13, 'Voluptatem fugit incidunt quisquam corporis aperiam officia ut rerum. Nobis velit iusto cupiditate. Qui maxime distinctio enim voluptatem aut similique occaecati.', 1, 1, '2014-12-05 12:35:24', '1975-09-02 10:22:46');
INSERT INTO `messages` (`id`, `from_user_id`, `to_user_id`, `body`, `is_important`, `is_delivered`, `created_at`, `updated_at`) VALUES (14, 14, 14, 'Id eos omnis et maxime quos dolores sit. Nihil quia molestias aliquid eos adipisci et consequatur. Reprehenderit porro est aliquam repellat.', 0, 0, '2010-03-12 11:36:17', '1981-09-27 04:20:26');
INSERT INTO `messages` (`id`, `from_user_id`, `to_user_id`, `body`, `is_important`, `is_delivered`, `created_at`, `updated_at`) VALUES (15, 15, 15, 'Qui autem quasi nostrum fuga officiis consectetur numquam dolorem. Architecto recusandae est quae earum magnam optio explicabo. Libero est numquam id repellat voluptatem aut. Sit dolores qui aut.', 1, 0, '1982-02-01 23:53:07', '1980-11-26 07:28:53');
INSERT INTO `messages` (`id`, `from_user_id`, `to_user_id`, `body`, `is_important`, `is_delivered`, `created_at`, `updated_at`) VALUES (16, 16, 16, 'Voluptatem porro officia ut consequuntur. Quo quis earum qui cumque libero. Qui voluptatem accusantium aut ullam voluptate. Placeat ab quod voluptate et quo tempore atque.', 0, 1, '2007-03-22 03:47:26', '2010-05-25 02:24:32');
INSERT INTO `messages` (`id`, `from_user_id`, `to_user_id`, `body`, `is_important`, `is_delivered`, `created_at`, `updated_at`) VALUES (17, 17, 17, 'Voluptatem repudiandae quidem expedita asperiores omnis molestiae itaque. In ducimus nihil consequatur molestiae expedita praesentium quaerat. Omnis earum aut dignissimos impedit quae earum dolore.', 1, 0, '1986-09-05 06:08:16', '2020-11-12 05:19:15');
INSERT INTO `messages` (`id`, `from_user_id`, `to_user_id`, `body`, `is_important`, `is_delivered`, `created_at`, `updated_at`) VALUES (18, 18, 18, 'Rerum nemo reprehenderit quidem nobis corporis. Nisi aspernatur commodi soluta dolores. In et harum autem aut quas.', 1, 1, '1994-10-11 05:17:20', '1990-03-20 02:58:10');
INSERT INTO `messages` (`id`, `from_user_id`, `to_user_id`, `body`, `is_important`, `is_delivered`, `created_at`, `updated_at`) VALUES (19, 19, 19, 'Neque architecto voluptatem error est eius quis voluptatem. Id voluptas dolores et voluptate. Est odio neque qui doloremque dignissimos suscipit et.', 1, 0, '2019-10-14 10:54:56', '2015-02-19 18:35:23');
INSERT INTO `messages` (`id`, `from_user_id`, `to_user_id`, `body`, `is_important`, `is_delivered`, `created_at`, `updated_at`) VALUES (20, 20, 20, 'Cum deleniti nihil tempora aut laudantium. Et vel recusandae dignissimos aut explicabo tempore ea. Aut dicta dolor sunt quasi autem.', 0, 0, '1982-02-11 12:25:34', '2006-08-02 23:33:59');
INSERT INTO `messages` (`id`, `from_user_id`, `to_user_id`, `body`, `is_important`, `is_delivered`, `created_at`, `updated_at`) VALUES (21, 21, 21, 'Tempore accusantium voluptas accusamus consequatur voluptatibus. Nihil sunt officia ducimus praesentium voluptatum. Voluptatem quibusdam aut corporis. Minus repellat quis odit sunt voluptatem doloribus id.', 1, 1, '2012-12-13 16:22:50', '1970-10-03 04:31:05');
INSERT INTO `messages` (`id`, `from_user_id`, `to_user_id`, `body`, `is_important`, `is_delivered`, `created_at`, `updated_at`) VALUES (22, 22, 22, 'Distinctio distinctio ratione ut est quis et. Sit quaerat consectetur quaerat aut consequatur. Aut omnis at perspiciatis. Qui et ipsum alias fugiat.', 1, 1, '2010-01-28 15:57:34', '1995-01-19 01:13:58');
INSERT INTO `messages` (`id`, `from_user_id`, `to_user_id`, `body`, `is_important`, `is_delivered`, `created_at`, `updated_at`) VALUES (23, 23, 23, 'Corporis ab quae numquam nemo eveniet. At ipsam et atque officia nemo sit aperiam. Aspernatur eius qui omnis molestiae dicta sit. Culpa fuga reiciendis eos sit sit omnis saepe.', 1, 1, '1996-03-12 21:25:30', '1978-01-11 11:40:26');
INSERT INTO `messages` (`id`, `from_user_id`, `to_user_id`, `body`, `is_important`, `is_delivered`, `created_at`, `updated_at`) VALUES (24, 24, 24, 'Et laudantium nihil non molestiae et totam hic. Vel nemo rerum sed dolor maiores numquam. Culpa quidem error vel corrupti nemo aut.', 1, 0, '1983-02-03 22:17:58', '2019-03-20 04:16:26');
INSERT INTO `messages` (`id`, `from_user_id`, `to_user_id`, `body`, `is_important`, `is_delivered`, `created_at`, `updated_at`) VALUES (25, 25, 25, 'Distinctio accusamus laborum officiis voluptas dolores rerum amet. Autem repellat enim qui ratione quasi ipsum neque sit. Et quas possimus voluptatem.', 0, 0, '1970-12-21 00:52:59', '1987-04-11 13:06:02');
INSERT INTO `messages` (`id`, `from_user_id`, `to_user_id`, `body`, `is_important`, `is_delivered`, `created_at`, `updated_at`) VALUES (26, 26, 26, 'Nihil aliquam vero molestias sit nesciunt est explicabo. Voluptatem adipisci quis at est expedita. Est quo iusto est ipsum ipsam quis. Quia quos voluptatem quae voluptas harum. Assumenda placeat velit doloribus.', 1, 1, '1993-11-01 11:23:28', '2013-01-29 06:52:06');
INSERT INTO `messages` (`id`, `from_user_id`, `to_user_id`, `body`, `is_important`, `is_delivered`, `created_at`, `updated_at`) VALUES (27, 27, 27, 'Quo nihil soluta quibusdam non. Dignissimos est omnis porro porro repudiandae molestias debitis voluptates. Rerum aliquam minima molestiae illo.', 1, 0, '1992-09-19 12:29:00', '2000-02-11 03:28:43');
INSERT INTO `messages` (`id`, `from_user_id`, `to_user_id`, `body`, `is_important`, `is_delivered`, `created_at`, `updated_at`) VALUES (28, 28, 28, 'Rerum fugit et pariatur saepe. Blanditiis omnis modi id et nostrum. Est laborum neque est voluptas voluptatem earum.', 0, 0, '1981-07-10 13:57:20', '2017-03-18 07:09:44');
INSERT INTO `messages` (`id`, `from_user_id`, `to_user_id`, `body`, `is_important`, `is_delivered`, `created_at`, `updated_at`) VALUES (29, 29, 29, 'Vero aut cum et commodi quia nemo velit. Id eum quam fuga laboriosam est. Magnam veritatis qui aut non voluptatum. Et sit quo quia ut est architecto eum.', 1, 1, '1992-04-19 10:50:07', '2009-07-14 06:23:33');
INSERT INTO `messages` (`id`, `from_user_id`, `to_user_id`, `body`, `is_important`, `is_delivered`, `created_at`, `updated_at`) VALUES (30, 30, 30, 'Eveniet nihil assumenda maxime qui. Exercitationem numquam sit doloremque est voluptate molestias odio. Aut expedita minus necessitatibus ut eum illo. Culpa illo dolor perferendis est sapiente vitae eos.', 0, 0, '1998-03-12 20:11:38', '2007-06-08 14:57:20');
INSERT INTO `messages` (`id`, `from_user_id`, `to_user_id`, `body`, `is_important`, `is_delivered`, `created_at`, `updated_at`) VALUES (31, 31, 31, 'Excepturi accusantium ratione tenetur non numquam numquam. Dolore et et dolorem non numquam itaque magnam. Harum repellat nesciunt hic aliquam illo cum tempore.', 1, 1, '2000-08-28 08:10:26', '2006-10-28 00:52:28');
INSERT INTO `messages` (`id`, `from_user_id`, `to_user_id`, `body`, `is_important`, `is_delivered`, `created_at`, `updated_at`) VALUES (32, 32, 32, 'Qui omnis id perferendis voluptatem qui inventore. Voluptas pariatur rerum ex fuga tempore voluptatum excepturi. Adipisci culpa illum ab nam ipsa consequatur. Qui rem maxime nam recusandae quo cumque.', 0, 0, '2017-08-02 06:49:50', '1980-02-05 06:33:51');
INSERT INTO `messages` (`id`, `from_user_id`, `to_user_id`, `body`, `is_important`, `is_delivered`, `created_at`, `updated_at`) VALUES (33, 33, 33, 'Aut non asperiores aut officia tempora esse illum provident. Molestias totam necessitatibus enim. Laudantium velit et recusandae nesciunt omnis error at. Deleniti modi quo et atque doloremque eos temporibus dolores.', 0, 0, '1997-09-01 10:43:31', '1996-08-01 01:09:47');
INSERT INTO `messages` (`id`, `from_user_id`, `to_user_id`, `body`, `is_important`, `is_delivered`, `created_at`, `updated_at`) VALUES (34, 34, 34, 'Aut nisi facere voluptatibus. Modi modi aut illo dolorem nesciunt. Ducimus rerum eaque sed quisquam aut facere.', 1, 0, '1994-07-11 05:25:16', '1997-07-28 15:40:48');
INSERT INTO `messages` (`id`, `from_user_id`, `to_user_id`, `body`, `is_important`, `is_delivered`, `created_at`, `updated_at`) VALUES (35, 35, 35, 'Ut aliquam dolore eos nisi ea. Ad consectetur et aut non culpa maxime qui voluptatibus. Est distinctio modi dolor explicabo quidem nisi et.', 0, 1, '1980-05-29 15:44:42', '1975-04-10 07:12:55');
INSERT INTO `messages` (`id`, `from_user_id`, `to_user_id`, `body`, `is_important`, `is_delivered`, `created_at`, `updated_at`) VALUES (36, 36, 36, 'Eum est aut magni ut sint reprehenderit similique. Doloribus nihil maiores eius repudiandae ea sequi. Qui laudantium ex quia consequatur quaerat accusantium.', 1, 0, '1995-10-16 14:46:26', '2002-07-06 21:01:35');
INSERT INTO `messages` (`id`, `from_user_id`, `to_user_id`, `body`, `is_important`, `is_delivered`, `created_at`, `updated_at`) VALUES (37, 37, 37, 'Maxime voluptate nostrum deserunt quasi a qui quia quas. Debitis aliquid nulla deserunt est recusandae voluptates explicabo. Nobis dolor totam voluptas temporibus. Dolore natus fugit sit eius debitis.', 0, 0, '1988-12-16 07:42:03', '1998-02-26 19:04:06');
INSERT INTO `messages` (`id`, `from_user_id`, `to_user_id`, `body`, `is_important`, `is_delivered`, `created_at`, `updated_at`) VALUES (38, 38, 38, 'Recusandae animi harum fuga vitae nisi quibusdam aspernatur. Eius et voluptas dolorem ratione autem itaque. Et ducimus qui et quidem beatae. Ut ducimus reprehenderit qui quisquam adipisci.', 0, 0, '2008-05-01 09:07:02', '2002-10-12 12:59:00');
INSERT INTO `messages` (`id`, `from_user_id`, `to_user_id`, `body`, `is_important`, `is_delivered`, `created_at`, `updated_at`) VALUES (39, 39, 39, 'Ullam maxime voluptas quo beatae. Mollitia esse pariatur autem molestias numquam. Dolorem ut asperiores reiciendis non dolore vel repellat.', 1, 1, '2019-09-06 01:05:57', '2019-11-19 05:29:53');
INSERT INTO `messages` (`id`, `from_user_id`, `to_user_id`, `body`, `is_important`, `is_delivered`, `created_at`, `updated_at`) VALUES (40, 40, 40, 'Tempore quas voluptate sequi provident. Amet quo blanditiis repudiandae aliquid laborum vitae provident. Voluptate esse suscipit possimus. Consequatur esse aliquam doloremque doloribus sunt.', 0, 0, '1996-05-01 14:59:10', '1997-06-12 11:30:38');
INSERT INTO `messages` (`id`, `from_user_id`, `to_user_id`, `body`, `is_important`, `is_delivered`, `created_at`, `updated_at`) VALUES (41, 41, 41, 'Non rerum maiores et error eius maxime magni. Fugit earum optio numquam rerum. Blanditiis et alias repudiandae optio. Eligendi consequatur dolor laborum tenetur voluptatem. Porro blanditiis quo est.', 1, 1, '1976-11-09 20:34:40', '2003-09-14 11:20:08');
INSERT INTO `messages` (`id`, `from_user_id`, `to_user_id`, `body`, `is_important`, `is_delivered`, `created_at`, `updated_at`) VALUES (42, 42, 42, 'Omnis cupiditate modi dolorem quo nobis eligendi eius. Possimus sunt ut autem consequuntur.', 0, 1, '1979-04-28 11:20:30', '1980-11-19 17:53:07');
INSERT INTO `messages` (`id`, `from_user_id`, `to_user_id`, `body`, `is_important`, `is_delivered`, `created_at`, `updated_at`) VALUES (43, 43, 43, 'Debitis amet soluta enim harum sit. Non ullam culpa voluptatem eaque ab est consectetur quis. Laboriosam consequatur odio aspernatur veniam suscipit. Et nemo dolorem sunt libero nihil.', 0, 1, '2009-09-27 19:40:53', '1996-05-09 11:42:57');
INSERT INTO `messages` (`id`, `from_user_id`, `to_user_id`, `body`, `is_important`, `is_delivered`, `created_at`, `updated_at`) VALUES (44, 44, 44, 'Distinctio dolorem exercitationem necessitatibus odio excepturi inventore. Deleniti quidem fugiat vitae nulla sit omnis. Voluptatum ducimus aut labore.', 0, 0, '1981-07-25 06:18:43', '2021-01-11 15:53:38');
INSERT INTO `messages` (`id`, `from_user_id`, `to_user_id`, `body`, `is_important`, `is_delivered`, `created_at`, `updated_at`) VALUES (45, 45, 45, 'Quo et deleniti itaque earum exercitationem dicta. Est ullam aspernatur quibusdam quia. Eos sunt qui iste dolore incidunt. Aliquam repellendus et sint qui ipsum reiciendis eum reiciendis.', 0, 0, '2002-05-09 23:27:31', '1976-06-16 07:11:33');
INSERT INTO `messages` (`id`, `from_user_id`, `to_user_id`, `body`, `is_important`, `is_delivered`, `created_at`, `updated_at`) VALUES (46, 46, 46, 'Nulla tempore enim odit tempora consectetur repudiandae impedit corporis. Exercitationem unde autem hic reprehenderit doloremque omnis. Omnis vel cupiditate in qui dolores.', 1, 0, '1992-04-03 10:59:18', '1984-08-09 12:23:44');
INSERT INTO `messages` (`id`, `from_user_id`, `to_user_id`, `body`, `is_important`, `is_delivered`, `created_at`, `updated_at`) VALUES (47, 47, 47, 'Qui labore illum et ipsum voluptas vero. Pariatur quod ipsam dolores quibusdam et. Repudiandae sed est dolor.', 0, 0, '2004-10-29 10:01:46', '2013-07-14 13:27:13');
INSERT INTO `messages` (`id`, `from_user_id`, `to_user_id`, `body`, `is_important`, `is_delivered`, `created_at`, `updated_at`) VALUES (48, 48, 48, 'Dolor sunt labore laborum autem. Maxime optio eos et quia. Asperiores qui sed nihil dignissimos omnis accusantium.', 1, 1, '2007-03-24 03:10:45', '2006-02-09 10:10:54');
INSERT INTO `messages` (`id`, `from_user_id`, `to_user_id`, `body`, `is_important`, `is_delivered`, `created_at`, `updated_at`) VALUES (49, 49, 49, 'Minima ad iste vel dolorem. Mollitia corporis libero magni nihil esse veritatis. Voluptatibus iusto id facilis fugiat aut quos deserunt. Quos ullam voluptates ut doloribus eum.', 0, 0, '2016-11-07 01:52:14', '1990-04-08 08:22:48');
INSERT INTO `messages` (`id`, `from_user_id`, `to_user_id`, `body`, `is_important`, `is_delivered`, `created_at`, `updated_at`) VALUES (50, 50, 50, 'Consequatur asperiores id eum. Hic quod nihil amet facilis ipsa mollitia. Est voluptatem delectus a distinctio expedita fuga consectetur.', 1, 0, '2008-04-09 10:03:58', '2011-08-19 22:20:37');
INSERT INTO `messages` (`id`, `from_user_id`, `to_user_id`, `body`, `is_important`, `is_delivered`, `created_at`, `updated_at`) VALUES (51, 51, 51, 'Illo enim vel eligendi similique suscipit. Nobis soluta debitis expedita consectetur iusto voluptatem quia. Nostrum velit earum dignissimos vel cum. Reiciendis quibusdam quam magnam nobis.', 0, 1, '1985-01-12 03:42:32', '2018-06-29 13:53:38');
INSERT INTO `messages` (`id`, `from_user_id`, `to_user_id`, `body`, `is_important`, `is_delivered`, `created_at`, `updated_at`) VALUES (52, 52, 52, 'Quasi exercitationem nihil cum culpa iste autem sint. Laboriosam omnis temporibus modi incidunt consequatur assumenda.', 0, 0, '2001-04-09 18:04:32', '2011-01-30 03:11:42');
INSERT INTO `messages` (`id`, `from_user_id`, `to_user_id`, `body`, `is_important`, `is_delivered`, `created_at`, `updated_at`) VALUES (53, 53, 53, 'Maxime asperiores et quaerat molestias mollitia fugit voluptate ad. Iusto accusamus ipsa quos unde quam ex praesentium. Vel ducimus possimus itaque quos deserunt. Voluptatem enim vero quisquam.', 0, 0, '2001-04-08 23:13:42', '1993-04-20 19:51:23');
INSERT INTO `messages` (`id`, `from_user_id`, `to_user_id`, `body`, `is_important`, `is_delivered`, `created_at`, `updated_at`) VALUES (54, 54, 54, 'Repudiandae illum quo eius nihil dolores explicabo. Ea qui aliquid cupiditate corporis. Dolor dolor in cum vel ut sunt voluptate culpa. Odio natus quis ducimus id non quis occaecati necessitatibus.', 1, 1, '1993-01-18 06:06:24', '1981-08-05 01:03:31');
INSERT INTO `messages` (`id`, `from_user_id`, `to_user_id`, `body`, `is_important`, `is_delivered`, `created_at`, `updated_at`) VALUES (55, 55, 55, 'Laudantium quia suscipit exercitationem. Voluptates sequi quisquam asperiores tempore doloremque. Eos tenetur aut ut est aut. Commodi labore nam eos.', 1, 1, '1990-08-28 01:43:45', '1993-10-14 21:40:17');
INSERT INTO `messages` (`id`, `from_user_id`, `to_user_id`, `body`, `is_important`, `is_delivered`, `created_at`, `updated_at`) VALUES (56, 56, 56, 'Aspernatur occaecati non voluptate adipisci minus. Repellat repellat est voluptatem autem voluptas nobis. Fugiat debitis fugit harum dolor et.', 0, 1, '1992-08-09 17:03:34', '1989-05-01 10:17:18');
INSERT INTO `messages` (`id`, `from_user_id`, `to_user_id`, `body`, `is_important`, `is_delivered`, `created_at`, `updated_at`) VALUES (57, 57, 57, 'Neque vero perspiciatis maxime facere et. Magnam voluptas nam deleniti nobis facere quis corporis. Unde ea vitae maxime voluptate reprehenderit.', 0, 1, '1970-04-29 08:00:39', '2013-04-01 18:00:56');
INSERT INTO `messages` (`id`, `from_user_id`, `to_user_id`, `body`, `is_important`, `is_delivered`, `created_at`, `updated_at`) VALUES (58, 58, 58, 'Quisquam nam et deserunt. Aut qui pariatur voluptatem. Et porro officia sapiente voluptates alias repellendus. Esse ipsum eius in commodi quod odio.', 1, 0, '2004-11-18 09:29:01', '1982-10-09 14:12:56');
INSERT INTO `messages` (`id`, `from_user_id`, `to_user_id`, `body`, `is_important`, `is_delivered`, `created_at`, `updated_at`) VALUES (59, 59, 59, 'Blanditiis id ad neque dolores tempora nisi fugit et. Aut ut corporis sed. Sapiente eum harum necessitatibus vero et quo. Voluptate nihil sunt et vel aut dicta.', 1, 1, '1992-05-25 14:13:57', '2004-11-20 10:09:18');
INSERT INTO `messages` (`id`, `from_user_id`, `to_user_id`, `body`, `is_important`, `is_delivered`, `created_at`, `updated_at`) VALUES (60, 60, 60, 'Molestiae vel vel cupiditate quisquam molestiae iste quia. Iste at reprehenderit voluptatem in aut veniam et deserunt.', 0, 0, '1988-02-27 21:22:08', '1974-09-25 11:49:27');
INSERT INTO `messages` (`id`, `from_user_id`, `to_user_id`, `body`, `is_important`, `is_delivered`, `created_at`, `updated_at`) VALUES (61, 61, 61, 'Voluptates veritatis animi modi voluptate fugiat voluptatem beatae. Ratione perferendis autem qui esse omnis numquam. Enim illum sit eligendi quae dolore. Nihil qui accusantium aliquid nisi.', 1, 1, '1981-09-14 00:04:13', '2016-09-05 03:28:21');
INSERT INTO `messages` (`id`, `from_user_id`, `to_user_id`, `body`, `is_important`, `is_delivered`, `created_at`, `updated_at`) VALUES (62, 62, 62, 'Esse quaerat architecto et recusandae. Officiis voluptas praesentium autem provident fugiat qui. Sunt nihil quo ex pariatur. Hic provident suscipit repudiandae magnam voluptate.', 0, 0, '1988-08-05 04:06:10', '2006-07-24 10:20:17');
INSERT INTO `messages` (`id`, `from_user_id`, `to_user_id`, `body`, `is_important`, `is_delivered`, `created_at`, `updated_at`) VALUES (63, 63, 63, 'Asperiores quos impedit animi omnis et aut. In praesentium dolore sed omnis corporis beatae aliquid.', 1, 0, '2016-06-02 23:39:29', '1988-12-09 09:25:09');
INSERT INTO `messages` (`id`, `from_user_id`, `to_user_id`, `body`, `is_important`, `is_delivered`, `created_at`, `updated_at`) VALUES (64, 64, 64, 'Qui et animi sed eius sed. Eaque aliquam omnis et quidem molestias delectus. Non cum dolorum consequuntur sunt animi voluptatem.', 1, 0, '1988-03-20 03:35:19', '2015-08-11 20:37:55');
INSERT INTO `messages` (`id`, `from_user_id`, `to_user_id`, `body`, `is_important`, `is_delivered`, `created_at`, `updated_at`) VALUES (65, 65, 65, 'Sit cumque odio in neque reprehenderit. Animi eos et velit esse totam iusto velit. Accusantium amet nam voluptas. Recusandae tempora et dicta aut sed non voluptate.', 1, 1, '2003-11-17 11:38:00', '1979-09-21 21:53:41');
INSERT INTO `messages` (`id`, `from_user_id`, `to_user_id`, `body`, `is_important`, `is_delivered`, `created_at`, `updated_at`) VALUES (66, 66, 66, 'Similique ea ea nihil aut enim. Corrupti qui hic ipsum tempore quisquam. Beatae placeat ut voluptas libero earum aliquam. Quia labore omnis et laudantium expedita harum. Fugit ut cum laudantium.', 1, 1, '1981-02-13 10:07:57', '1984-11-05 07:21:35');
INSERT INTO `messages` (`id`, `from_user_id`, `to_user_id`, `body`, `is_important`, `is_delivered`, `created_at`, `updated_at`) VALUES (67, 67, 67, 'Exercitationem quo in corporis officia. Cupiditate quis omnis exercitationem quia. Velit hic quibusdam maiores recusandae et. Aspernatur nihil ut iusto voluptatibus vel qui.', 1, 0, '1987-01-03 14:10:33', '1984-05-30 21:29:13');
INSERT INTO `messages` (`id`, `from_user_id`, `to_user_id`, `body`, `is_important`, `is_delivered`, `created_at`, `updated_at`) VALUES (68, 68, 68, 'Repellendus eos voluptatum est eos tenetur. Voluptatum et qui deserunt et quia. Sapiente quo quidem sed veritatis ipsa deserunt.', 1, 1, '1988-09-01 18:00:44', '1978-09-17 23:58:58');
INSERT INTO `messages` (`id`, `from_user_id`, `to_user_id`, `body`, `is_important`, `is_delivered`, `created_at`, `updated_at`) VALUES (69, 69, 69, 'Et blanditiis quia optio eum ipsam blanditiis. Repellat repellendus magnam quibusdam sit enim assumenda vel. Amet sit autem officia sunt.', 1, 1, '2002-05-01 14:40:14', '1977-06-01 05:14:52');
INSERT INTO `messages` (`id`, `from_user_id`, `to_user_id`, `body`, `is_important`, `is_delivered`, `created_at`, `updated_at`) VALUES (70, 70, 70, 'Tempora quam impedit ut culpa. Beatae consectetur sit officia reprehenderit soluta repudiandae consectetur. Sint sapiente nesciunt incidunt modi laudantium non saepe et. Quis voluptas quia dolores omnis.', 0, 0, '2021-08-14 17:37:20', '1993-04-16 14:13:18');
INSERT INTO `messages` (`id`, `from_user_id`, `to_user_id`, `body`, `is_important`, `is_delivered`, `created_at`, `updated_at`) VALUES (71, 71, 71, 'Tempore ut ullam adipisci ea dolores sapiente qui. Ut est laborum eum nam. Vel neque at labore nulla autem et qui.', 0, 1, '1997-04-27 16:51:15', '1991-12-31 02:10:00');
INSERT INTO `messages` (`id`, `from_user_id`, `to_user_id`, `body`, `is_important`, `is_delivered`, `created_at`, `updated_at`) VALUES (72, 72, 72, 'Possimus nobis eveniet ut deleniti. Nihil aut est illum fugiat quas velit. Exercitationem aliquid architecto vel qui ut molestiae minima sint.', 0, 1, '1978-06-12 02:32:30', '1995-07-06 15:40:42');
INSERT INTO `messages` (`id`, `from_user_id`, `to_user_id`, `body`, `is_important`, `is_delivered`, `created_at`, `updated_at`) VALUES (73, 73, 73, 'Aperiam iure numquam itaque ratione laudantium repellendus. Quae autem et omnis rem mollitia. Quis nam occaecati earum fugiat vitae vitae. Nulla ut velit iure aut consequatur est sint. Ut eum ullam aut et.', 1, 1, '1989-02-14 11:30:45', '2008-04-11 09:25:53');
INSERT INTO `messages` (`id`, `from_user_id`, `to_user_id`, `body`, `is_important`, `is_delivered`, `created_at`, `updated_at`) VALUES (74, 74, 74, 'Tempora maxime beatae cum aliquid qui nobis. Doloremque repellat iste et exercitationem et quasi est. Esse ipsa aut doloremque iusto minus nisi aut.', 1, 1, '1985-03-18 19:34:12', '2020-07-30 01:33:41');
INSERT INTO `messages` (`id`, `from_user_id`, `to_user_id`, `body`, `is_important`, `is_delivered`, `created_at`, `updated_at`) VALUES (75, 75, 75, 'Sit perspiciatis et impedit. Neque est similique voluptatem odit nam sequi. Et modi ducimus omnis aliquid adipisci deleniti. Explicabo facilis quidem qui repellendus.', 0, 1, '2021-04-06 02:24:12', '1982-04-24 16:51:50');
INSERT INTO `messages` (`id`, `from_user_id`, `to_user_id`, `body`, `is_important`, `is_delivered`, `created_at`, `updated_at`) VALUES (76, 76, 76, 'In dolor qui unde natus ducimus. Excepturi repellat molestiae placeat voluptas id. A iste dolor ea aspernatur cupiditate eaque et iusto.', 1, 0, '2006-06-11 14:05:43', '1994-08-27 18:24:17');
INSERT INTO `messages` (`id`, `from_user_id`, `to_user_id`, `body`, `is_important`, `is_delivered`, `created_at`, `updated_at`) VALUES (77, 77, 77, 'Iste aut possimus quia accusantium quasi ad officiis. Sunt quo suscipit qui odit voluptatem dignissimos. Fugit incidunt et ut velit. Sed corrupti illo inventore nostrum aut necessitatibus et.', 0, 0, '1998-12-11 11:31:00', '1997-03-20 20:13:52');
INSERT INTO `messages` (`id`, `from_user_id`, `to_user_id`, `body`, `is_important`, `is_delivered`, `created_at`, `updated_at`) VALUES (78, 78, 78, 'Fugit eum et nisi praesentium voluptatem quaerat rerum. Consequatur aut accusamus explicabo non dolorem. Fugit corrupti eveniet voluptatem. Rem eius sit ea et veritatis. Eos et et perferendis aut tempore.', 1, 1, '1999-06-16 13:23:54', '1976-11-12 11:44:50');
INSERT INTO `messages` (`id`, `from_user_id`, `to_user_id`, `body`, `is_important`, `is_delivered`, `created_at`, `updated_at`) VALUES (79, 79, 79, 'Velit consequatur quas repellat quia voluptatem accusantium eaque reiciendis. Porro veniam quasi fugiat voluptas nesciunt. Itaque qui pariatur eos laboriosam accusamus. Eos fugit velit ex aliquid rem voluptatum beatae quod. Atque consequuntur repudiandae perferendis illum.', 1, 1, '2004-03-22 17:32:48', '2020-03-31 11:38:56');
INSERT INTO `messages` (`id`, `from_user_id`, `to_user_id`, `body`, `is_important`, `is_delivered`, `created_at`, `updated_at`) VALUES (80, 80, 80, 'Atque eveniet asperiores suscipit ullam architecto. Assumenda quam sit rem aut accusamus ut. Adipisci quis culpa impedit corporis reiciendis. Eligendi voluptatem consectetur maiores corrupti quis eos. Nostrum officiis sint veritatis quis consectetur.', 0, 0, '1974-04-25 18:29:00', '1988-10-14 18:53:30');
INSERT INTO `messages` (`id`, `from_user_id`, `to_user_id`, `body`, `is_important`, `is_delivered`, `created_at`, `updated_at`) VALUES (81, 81, 81, 'Et aperiam autem aut eaque ullam ipsam rerum eveniet. Pariatur consequatur dolor delectus qui nulla aliquid. Animi ab praesentium eveniet aut. Blanditiis hic illum eum ut aliquid quas. Modi quibusdam excepturi id cupiditate.', 0, 0, '1988-08-20 05:47:38', '2011-07-28 02:18:20');
INSERT INTO `messages` (`id`, `from_user_id`, `to_user_id`, `body`, `is_important`, `is_delivered`, `created_at`, `updated_at`) VALUES (82, 82, 82, 'Quos suscipit ut sed dignissimos. Aliquam dignissimos ad in dolorum fugit. Corrupti non voluptas sapiente. Et earum aut sint.', 0, 0, '2013-06-07 10:08:40', '2001-08-31 13:25:57');
INSERT INTO `messages` (`id`, `from_user_id`, `to_user_id`, `body`, `is_important`, `is_delivered`, `created_at`, `updated_at`) VALUES (83, 83, 83, 'Tempora facere itaque rerum praesentium beatae vitae aliquam. Inventore non odit nam accusantium iste sed. Consequatur rem voluptate placeat.', 1, 1, '1999-11-15 04:41:32', '1987-06-26 02:48:48');
INSERT INTO `messages` (`id`, `from_user_id`, `to_user_id`, `body`, `is_important`, `is_delivered`, `created_at`, `updated_at`) VALUES (84, 84, 84, 'Debitis dolorum occaecati maiores assumenda. Consequatur et quia mollitia quod pariatur consequatur at. Vero deserunt quisquam omnis. Aspernatur quod sint quasi soluta et nihil. Consequatur harum dolorem ex consequatur blanditiis atque qui.', 1, 0, '1974-04-30 03:46:20', '1982-03-18 11:32:13');
INSERT INTO `messages` (`id`, `from_user_id`, `to_user_id`, `body`, `is_important`, `is_delivered`, `created_at`, `updated_at`) VALUES (85, 85, 85, 'Maxime qui fugit possimus eum iure cumque. Et corrupti sunt quia rem. Dolorem odio ea cum eligendi sit. Molestiae quod rerum qui officiis non non explicabo.', 0, 0, '1984-02-12 03:16:30', '2018-11-20 13:17:23');
INSERT INTO `messages` (`id`, `from_user_id`, `to_user_id`, `body`, `is_important`, `is_delivered`, `created_at`, `updated_at`) VALUES (86, 86, 86, 'Tempore totam magnam ipsam saepe dicta natus quia. Temporibus aspernatur assumenda rerum fugiat itaque. Quos impedit ut impedit nemo doloremque atque.', 0, 0, '2020-04-09 08:44:52', '1986-06-20 04:26:49');
INSERT INTO `messages` (`id`, `from_user_id`, `to_user_id`, `body`, `is_important`, `is_delivered`, `created_at`, `updated_at`) VALUES (87, 87, 87, 'Nihil dolores alias fugiat eum asperiores. Et molestias voluptate qui illo.', 1, 1, '1979-10-29 09:11:54', '1997-05-07 09:28:05');
INSERT INTO `messages` (`id`, `from_user_id`, `to_user_id`, `body`, `is_important`, `is_delivered`, `created_at`, `updated_at`) VALUES (88, 88, 88, 'Sequi aperiam exercitationem sit ut magni deleniti sit. Rerum dolores sint magni nostrum. Aut id error aliquam distinctio saepe consectetur reiciendis. Quia veniam impedit libero sint itaque.', 0, 0, '1999-05-03 12:26:22', '2009-11-11 13:52:53');
INSERT INTO `messages` (`id`, `from_user_id`, `to_user_id`, `body`, `is_important`, `is_delivered`, `created_at`, `updated_at`) VALUES (89, 89, 89, 'Ipsam et omnis pariatur at sequi odio laboriosam soluta. Eveniet ipsam aut voluptatem atque. Voluptatem voluptas quasi sed omnis.', 1, 1, '2017-06-15 15:33:35', '1980-06-11 12:17:25');
INSERT INTO `messages` (`id`, `from_user_id`, `to_user_id`, `body`, `is_important`, `is_delivered`, `created_at`, `updated_at`) VALUES (90, 90, 90, 'Ipsum aperiam debitis voluptas totam mollitia qui. Facilis magnam consequuntur qui eos qui architecto nihil. Quia dolores adipisci dolor magni voluptatem aspernatur.', 1, 1, '2002-09-11 08:31:45', '2013-09-29 21:27:04');
INSERT INTO `messages` (`id`, `from_user_id`, `to_user_id`, `body`, `is_important`, `is_delivered`, `created_at`, `updated_at`) VALUES (91, 91, 91, 'Autem corrupti voluptate harum provident nihil. Quisquam itaque sit molestiae itaque consequatur eos beatae aliquid. Quia qui reiciendis quia repellat.', 0, 1, '1972-05-05 00:17:53', '1982-10-11 22:58:53');
INSERT INTO `messages` (`id`, `from_user_id`, `to_user_id`, `body`, `is_important`, `is_delivered`, `created_at`, `updated_at`) VALUES (92, 92, 92, 'Cum labore est et cupiditate quam. Culpa mollitia fugiat quas sint quia quis voluptatem. Nam soluta culpa consequatur officia. Perferendis est possimus vel non at sed distinctio sapiente.', 1, 0, '2013-04-01 05:59:49', '2003-05-19 16:55:02');
INSERT INTO `messages` (`id`, `from_user_id`, `to_user_id`, `body`, `is_important`, `is_delivered`, `created_at`, `updated_at`) VALUES (93, 93, 93, 'Facere quam omnis sint aperiam sequi dicta ex reprehenderit. Recusandae nulla assumenda non earum accusantium incidunt est. Ea sint ullam nostrum et dolore quis.', 0, 0, '1970-10-07 20:05:15', '1987-11-03 23:32:06');
INSERT INTO `messages` (`id`, `from_user_id`, `to_user_id`, `body`, `is_important`, `is_delivered`, `created_at`, `updated_at`) VALUES (94, 94, 94, 'Quo ut voluptatibus commodi dolor. Et et explicabo non consequatur praesentium voluptatem molestiae. Sit et tenetur repudiandae enim. Explicabo est laudantium et adipisci perspiciatis eos.', 0, 1, '1986-08-27 12:10:05', '2016-01-12 15:52:14');
INSERT INTO `messages` (`id`, `from_user_id`, `to_user_id`, `body`, `is_important`, `is_delivered`, `created_at`, `updated_at`) VALUES (95, 95, 95, 'Esse molestiae laborum voluptatem tempore. Autem consectetur nemo qui at. Minus repudiandae quas doloribus eum voluptas. Similique debitis provident aspernatur in error cum rerum.', 0, 0, '1992-07-23 23:23:07', '1994-10-07 22:57:52');
INSERT INTO `messages` (`id`, `from_user_id`, `to_user_id`, `body`, `is_important`, `is_delivered`, `created_at`, `updated_at`) VALUES (96, 96, 96, 'Ullam porro in vero consequuntur porro sequi recusandae. Aut sed aliquid quo veniam harum natus aut consequatur. Dolorum temporibus ratione ipsa aliquam ipsum.', 1, 0, '2011-10-04 15:33:35', '1971-07-10 22:58:13');
INSERT INTO `messages` (`id`, `from_user_id`, `to_user_id`, `body`, `is_important`, `is_delivered`, `created_at`, `updated_at`) VALUES (97, 97, 97, 'Minus fuga praesentium ea tenetur accusantium. Saepe sint veritatis qui qui. Tempora nobis sed quaerat ut laboriosam debitis. Cupiditate esse modi et consequuntur.', 0, 0, '1990-05-14 02:24:13', '1978-07-30 23:42:24');
INSERT INTO `messages` (`id`, `from_user_id`, `to_user_id`, `body`, `is_important`, `is_delivered`, `created_at`, `updated_at`) VALUES (98, 98, 98, 'Unde dolor quo omnis laudantium qui eum dolores. Consequatur maiores unde nulla quidem sapiente et maxime. Natus ut deserunt doloribus.', 1, 1, '1975-10-21 13:15:10', '2004-11-29 06:02:50');
INSERT INTO `messages` (`id`, `from_user_id`, `to_user_id`, `body`, `is_important`, `is_delivered`, `created_at`, `updated_at`) VALUES (99, 99, 99, 'At mollitia et ullam excepturi quas. Unde consequuntur ipsa ut veniam repudiandae reprehenderit.', 1, 0, '1988-08-31 15:01:12', '2003-09-05 02:21:55');
INSERT INTO `messages` (`id`, `from_user_id`, `to_user_id`, `body`, `is_important`, `is_delivered`, `created_at`, `updated_at`) VALUES (100, 100, 100, 'Dolor voluptatibus velit et consectetur. Dolores ut et placeat magni et. Incidunt voluptate ut aut qui ut corrupti. Recusandae nihil perferendis sint optio magni odio sint corrupti.', 1, 1, '2010-07-17 07:06:00', '1984-01-04 13:33:34');


INSERT INTO `media_types` (`id`, `name`, `created_at`, `updated_at`) VALUES (1, 'unde', '2001-08-23 05:52:08', '1997-05-08 15:55:13');
INSERT INTO `media_types` (`id`, `name`, `created_at`, `updated_at`) VALUES (2, 'maxime', '2019-01-03 20:20:24', '1972-07-08 22:57:18');
INSERT INTO `media_types` (`id`, `name`, `created_at`, `updated_at`) VALUES (3, 'sed', '2002-11-11 08:37:06', '2010-08-19 03:04:49');
INSERT INTO `media_types` (`id`, `name`, `created_at`, `updated_at`) VALUES (4, 'id', '1990-02-28 17:13:39', '1974-12-13 01:29:14');
INSERT INTO `media_types` (`id`, `name`, `created_at`, `updated_at`) VALUES (5, 'praesentium', '1998-09-14 07:01:46', '2002-09-25 10:32:58');

INSERT INTO `media` (`id`, `filename`, `user_id`, `size`, `created_at`, `updated_at`, `media_type_id`, `metadata`) VALUES (1, 'modi', 1, 0, '1986-06-17 21:44:20', '1994-08-14 14:28:10', 1, NULL);
INSERT INTO `media` (`id`, `filename`, `user_id`, `size`, `created_at`, `updated_at`, `media_type_id`, `metadata`) VALUES (2, 'provident', 2, 562723651, '2001-05-30 11:31:03', '1982-12-02 22:03:16', 2, NULL);
INSERT INTO `media` (`id`, `filename`, `user_id`, `size`, `created_at`, `updated_at`, `media_type_id`, `metadata`) VALUES (3, 'et', 3, 365, '1973-01-09 20:38:18', '1990-01-10 22:37:15', 3, NULL);
INSERT INTO `media` (`id`, `filename`, `user_id`, `size`, `created_at`, `updated_at`, `media_type_id`, `metadata`) VALUES (4, 'tempora', 4, 919163494, '2016-01-10 05:44:19', '1995-10-20 20:01:00', 4, NULL);
INSERT INTO `media` (`id`, `filename`, `user_id`, `size`, `created_at`, `updated_at`, `media_type_id`, `metadata`) VALUES (5, 'in', 5, 547887, '1989-02-15 10:20:50', '2002-07-21 07:04:50', 5, NULL);
INSERT INTO `media` (`id`, `filename`, `user_id`, `size`, `created_at`, `updated_at`, `media_type_id`, `metadata`) VALUES (6, 'sunt', 6, 0, '1999-06-03 00:49:36', '1981-09-20 22:11:00', 1, NULL);
INSERT INTO `media` (`id`, `filename`, `user_id`, `size`, `created_at`, `updated_at`, `media_type_id`, `metadata`) VALUES (7, 'ea', 7, 196, '2003-09-02 01:21:32', '2010-04-05 06:50:49', 2, NULL);
INSERT INTO `media` (`id`, `filename`, `user_id`, `size`, `created_at`, `updated_at`, `media_type_id`, `metadata`) VALUES (8, 'expedita', 8, 303854048, '2001-11-24 21:15:13', '2013-11-25 18:04:58', 3, NULL);
INSERT INTO `media` (`id`, `filename`, `user_id`, `size`, `created_at`, `updated_at`, `media_type_id`, `metadata`) VALUES (9, 'sit', 9, 99542524, '1999-12-29 19:10:29', '1977-05-31 13:01:45', 4, NULL);
INSERT INTO `media` (`id`, `filename`, `user_id`, `size`, `created_at`, `updated_at`, `media_type_id`, `metadata`) VALUES (10, 'consectetur', 10, 8056586, '2016-05-25 00:35:53', '2002-01-17 19:55:03', 5, NULL);
INSERT INTO `media` (`id`, `filename`, `user_id`, `size`, `created_at`, `updated_at`, `media_type_id`, `metadata`) VALUES (11, 'quisquam', 11, 1962659, '1980-04-06 17:14:37', '1995-01-09 11:15:13', 1, NULL);
INSERT INTO `media` (`id`, `filename`, `user_id`, `size`, `created_at`, `updated_at`, `media_type_id`, `metadata`) VALUES (12, 'quis', 12, 600597025, '1988-07-03 04:48:30', '1986-08-27 16:55:05', 2, NULL);
INSERT INTO `media` (`id`, `filename`, `user_id`, `size`, `created_at`, `updated_at`, `media_type_id`, `metadata`) VALUES (13, 'eos', 13, 892, '1971-04-18 23:39:13', '1973-05-16 22:07:40', 3, NULL);
INSERT INTO `media` (`id`, `filename`, `user_id`, `size`, `created_at`, `updated_at`, `media_type_id`, `metadata`) VALUES (14, 'quod', 14, 64, '2021-02-23 18:05:36', '1977-10-06 15:42:38', 4, NULL);
INSERT INTO `media` (`id`, `filename`, `user_id`, `size`, `created_at`, `updated_at`, `media_type_id`, `metadata`) VALUES (15, 'adipisci', 15, 15113, '1986-02-04 22:19:33', '1987-12-17 16:02:41', 5, NULL);
INSERT INTO `media` (`id`, `filename`, `user_id`, `size`, `created_at`, `updated_at`, `media_type_id`, `metadata`) VALUES (16, 'distinctio', 16, 42, '1972-07-21 09:55:04', '1999-07-21 18:18:30', 1, NULL);
INSERT INTO `media` (`id`, `filename`, `user_id`, `size`, `created_at`, `updated_at`, `media_type_id`, `metadata`) VALUES (17, 'quia', 17, 393908, '2009-03-07 00:16:06', '1994-01-09 06:45:43', 2, NULL);
INSERT INTO `media` (`id`, `filename`, `user_id`, `size`, `created_at`, `updated_at`, `media_type_id`, `metadata`) VALUES (18, 'aliquam', 18, 2, '1992-12-04 01:55:31', '2002-04-20 11:45:36', 3, NULL);
INSERT INTO `media` (`id`, `filename`, `user_id`, `size`, `created_at`, `updated_at`, `media_type_id`, `metadata`) VALUES (19, 'dolorem', 19, 807, '1992-03-21 16:44:35', '2018-06-16 23:15:28', 4, NULL);
INSERT INTO `media` (`id`, `filename`, `user_id`, `size`, `created_at`, `updated_at`, `media_type_id`, `metadata`) VALUES (20, 'asperiores', 20, 636641595, '1987-06-24 00:15:11', '1977-11-09 02:52:13', 5, NULL);
INSERT INTO `media` (`id`, `filename`, `user_id`, `size`, `created_at`, `updated_at`, `media_type_id`, `metadata`) VALUES (21, 'quo', 21, 45262, '2014-10-11 02:20:22', '2002-05-24 06:34:17', 1, NULL);
INSERT INTO `media` (`id`, `filename`, `user_id`, `size`, `created_at`, `updated_at`, `media_type_id`, `metadata`) VALUES (22, 'ipsam', 22, 481943769, '2017-10-11 04:20:37', '1975-10-04 12:29:32', 2, NULL);
INSERT INTO `media` (`id`, `filename`, `user_id`, `size`, `created_at`, `updated_at`, `media_type_id`, `metadata`) VALUES (23, 'ut', 23, 5405, '2007-07-12 18:47:45', '2015-07-05 01:18:17', 3, NULL);
INSERT INTO `media` (`id`, `filename`, `user_id`, `size`, `created_at`, `updated_at`, `media_type_id`, `metadata`) VALUES (24, 'iste', 24, 580599, '1975-11-11 12:57:30', '2015-12-06 07:20:54', 4, NULL);
INSERT INTO `media` (`id`, `filename`, `user_id`, `size`, `created_at`, `updated_at`, `media_type_id`, `metadata`) VALUES (25, 'velit', 25, 302192618, '1978-02-22 15:58:29', '2004-10-13 17:06:49', 5, NULL);
INSERT INTO `media` (`id`, `filename`, `user_id`, `size`, `created_at`, `updated_at`, `media_type_id`, `metadata`) VALUES (26, 'maxime', 26, 4, '1970-01-20 11:26:02', '2017-06-01 20:44:31', 1, NULL);
INSERT INTO `media` (`id`, `filename`, `user_id`, `size`, `created_at`, `updated_at`, `media_type_id`, `metadata`) VALUES (27, 'nobis', 27, 45310134, '2004-08-09 01:05:07', '1974-10-12 11:18:07', 2, NULL);
INSERT INTO `media` (`id`, `filename`, `user_id`, `size`, `created_at`, `updated_at`, `media_type_id`, `metadata`) VALUES (28, 'temporibus', 28, 200, '2020-03-15 01:58:07', '1998-09-10 23:35:02', 3, NULL);
INSERT INTO `media` (`id`, `filename`, `user_id`, `size`, `created_at`, `updated_at`, `media_type_id`, `metadata`) VALUES (29, 'aut', 29, 48115842, '1976-12-12 13:32:01', '1984-01-28 19:40:44', 4, NULL);
INSERT INTO `media` (`id`, `filename`, `user_id`, `size`, `created_at`, `updated_at`, `media_type_id`, `metadata`) VALUES (30, 'rem', 30, 2, '2012-03-26 13:33:09', '1987-06-01 19:02:37', 5, NULL);
INSERT INTO `media` (`id`, `filename`, `user_id`, `size`, `created_at`, `updated_at`, `media_type_id`, `metadata`) VALUES (31, 'numquam', 31, 8, '2014-01-07 10:43:04', '1972-10-26 23:58:17', 1, NULL);
INSERT INTO `media` (`id`, `filename`, `user_id`, `size`, `created_at`, `updated_at`, `media_type_id`, `metadata`) VALUES (32, 'ab', 32, 5, '1974-07-24 23:43:19', '1985-03-06 15:27:55', 2, NULL);
INSERT INTO `media` (`id`, `filename`, `user_id`, `size`, `created_at`, `updated_at`, `media_type_id`, `metadata`) VALUES (33, 'amet', 33, 245628583, '2017-02-21 12:42:16', '2015-09-15 14:29:00', 3, NULL);
INSERT INTO `media` (`id`, `filename`, `user_id`, `size`, `created_at`, `updated_at`, `media_type_id`, `metadata`) VALUES (34, 'nam', 34, 576124, '1976-09-02 23:52:34', '2005-10-26 17:27:52', 4, NULL);
INSERT INTO `media` (`id`, `filename`, `user_id`, `size`, `created_at`, `updated_at`, `media_type_id`, `metadata`) VALUES (35, 'qui', 35, 874324248, '1976-02-14 02:29:20', '1989-08-18 07:25:27', 5, NULL);
INSERT INTO `media` (`id`, `filename`, `user_id`, `size`, `created_at`, `updated_at`, `media_type_id`, `metadata`) VALUES (36, 'non', 36, 0, '2002-06-01 01:26:13', '2001-01-30 03:28:59', 1, NULL);
INSERT INTO `media` (`id`, `filename`, `user_id`, `size`, `created_at`, `updated_at`, `media_type_id`, `metadata`) VALUES (37, 'labore', 37, 1191, '1970-02-19 08:17:06', '1974-06-13 06:15:53', 2, NULL);
INSERT INTO `media` (`id`, `filename`, `user_id`, `size`, `created_at`, `updated_at`, `media_type_id`, `metadata`) VALUES (38, 'officiis', 38, 117301603, '2007-08-24 17:02:50', '1972-06-25 11:00:54', 3, NULL);
INSERT INTO `media` (`id`, `filename`, `user_id`, `size`, `created_at`, `updated_at`, `media_type_id`, `metadata`) VALUES (39, 'dolores', 39, 687370, '1973-10-25 07:26:59', '1974-05-08 19:50:04', 4, NULL);
INSERT INTO `media` (`id`, `filename`, `user_id`, `size`, `created_at`, `updated_at`, `media_type_id`, `metadata`) VALUES (40, 'est', 40, 481821, '1970-01-11 22:18:29', '2018-04-04 23:37:30', 5, NULL);
INSERT INTO `media` (`id`, `filename`, `user_id`, `size`, `created_at`, `updated_at`, `media_type_id`, `metadata`) VALUES (41, 'consequatur', 41, 9848014, '1991-04-28 14:21:08', '1970-07-08 04:19:40', 1, NULL);
INSERT INTO `media` (`id`, `filename`, `user_id`, `size`, `created_at`, `updated_at`, `media_type_id`, `metadata`) VALUES (42, 'illum', 42, 30, '1984-02-19 09:55:37', '1996-01-25 19:15:21', 2, NULL);
INSERT INTO `media` (`id`, `filename`, `user_id`, `size`, `created_at`, `updated_at`, `media_type_id`, `metadata`) VALUES (43, 'corporis', 43, 4, '1998-12-02 17:06:23', '2013-11-06 06:16:00', 3, NULL);
INSERT INTO `media` (`id`, `filename`, `user_id`, `size`, `created_at`, `updated_at`, `media_type_id`, `metadata`) VALUES (44, 'voluptatem', 44, 269020091, '2005-12-16 10:21:03', '1987-12-05 14:55:36', 4, NULL);
INSERT INTO `media` (`id`, `filename`, `user_id`, `size`, `created_at`, `updated_at`, `media_type_id`, `metadata`) VALUES (45, 'inventore', 45, 9063026, '1990-12-04 18:01:09', '1989-09-06 12:19:52', 5, NULL);
INSERT INTO `media` (`id`, `filename`, `user_id`, `size`, `created_at`, `updated_at`, `media_type_id`, `metadata`) VALUES (46, 'aliquid', 46, 72785, '1984-11-30 10:22:26', '1981-02-07 13:21:24', 1, NULL);
INSERT INTO `media` (`id`, `filename`, `user_id`, `size`, `created_at`, `updated_at`, `media_type_id`, `metadata`) VALUES (47, 'eaque', 47, 660924859, '2012-11-24 23:53:14', '2006-03-08 16:22:59', 2, NULL);
INSERT INTO `media` (`id`, `filename`, `user_id`, `size`, `created_at`, `updated_at`, `media_type_id`, `metadata`) VALUES (48, 'quam', 48, 5557681, '1979-02-07 14:34:44', '2000-09-07 14:34:57', 3, NULL);
INSERT INTO `media` (`id`, `filename`, `user_id`, `size`, `created_at`, `updated_at`, `media_type_id`, `metadata`) VALUES (49, 'sint', 49, 9502, '1982-04-24 11:19:06', '2011-05-07 13:32:44', 4, NULL);
INSERT INTO `media` (`id`, `filename`, `user_id`, `size`, `created_at`, `updated_at`, `media_type_id`, `metadata`) VALUES (50, 'alias', 50, 490, '1987-12-09 12:50:44', '2007-11-11 20:56:31', 5, NULL);
INSERT INTO `media` (`id`, `filename`, `user_id`, `size`, `created_at`, `updated_at`, `media_type_id`, `metadata`) VALUES (51, 'minima', 51, 67061, '1974-12-22 21:01:47', '2009-06-19 09:43:13', 1, NULL);
INSERT INTO `media` (`id`, `filename`, `user_id`, `size`, `created_at`, `updated_at`, `media_type_id`, `metadata`) VALUES (52, 'tempore', 52, 399650022, '1979-10-23 15:42:52', '1986-06-13 20:59:39', 2, NULL);
INSERT INTO `media` (`id`, `filename`, `user_id`, `size`, `created_at`, `updated_at`, `media_type_id`, `metadata`) VALUES (53, 'ratione', 53, 0, '1988-05-02 05:11:07', '2008-10-12 16:47:17', 3, NULL);
INSERT INTO `media` (`id`, `filename`, `user_id`, `size`, `created_at`, `updated_at`, `media_type_id`, `metadata`) VALUES (54, 'facere', 54, 1194134, '2020-04-21 05:30:24', '2019-08-27 17:36:18', 4, NULL);
INSERT INTO `media` (`id`, `filename`, `user_id`, `size`, `created_at`, `updated_at`, `media_type_id`, `metadata`) VALUES (55, 'esse', 55, 15997, '1988-04-22 17:03:08', '2001-02-19 01:43:14', 5, NULL);
INSERT INTO `media` (`id`, `filename`, `user_id`, `size`, `created_at`, `updated_at`, `media_type_id`, `metadata`) VALUES (56, 'nihil', 56, 6, '1980-04-25 08:36:07', '1974-07-01 16:57:42', 1, NULL);
INSERT INTO `media` (`id`, `filename`, `user_id`, `size`, `created_at`, `updated_at`, `media_type_id`, `metadata`) VALUES (57, 'neque', 57, 5180, '2004-03-09 12:04:33', '2008-12-20 06:40:48', 2, NULL);
INSERT INTO `media` (`id`, `filename`, `user_id`, `size`, `created_at`, `updated_at`, `media_type_id`, `metadata`) VALUES (58, 'soluta', 58, 0, '1985-08-17 10:33:26', '1973-03-14 13:23:37', 3, NULL);
INSERT INTO `media` (`id`, `filename`, `user_id`, `size`, `created_at`, `updated_at`, `media_type_id`, `metadata`) VALUES (59, 'explicabo', 59, 54, '1988-10-04 04:09:48', '1989-07-15 00:09:21', 4, NULL);
INSERT INTO `media` (`id`, `filename`, `user_id`, `size`, `created_at`, `updated_at`, `media_type_id`, `metadata`) VALUES (60, 'possimus', 60, 940014, '1985-05-16 10:55:03', '1984-06-23 00:42:44', 5, NULL);
INSERT INTO `media` (`id`, `filename`, `user_id`, `size`, `created_at`, `updated_at`, `media_type_id`, `metadata`) VALUES (61, 'nisi', 61, 66, '1986-01-13 09:50:59', '2008-09-09 14:04:40', 1, NULL);
INSERT INTO `media` (`id`, `filename`, `user_id`, `size`, `created_at`, `updated_at`, `media_type_id`, `metadata`) VALUES (62, 'voluptate', 62, 1, '2011-05-17 21:27:46', '2015-05-07 22:17:31', 2, NULL);
INSERT INTO `media` (`id`, `filename`, `user_id`, `size`, `created_at`, `updated_at`, `media_type_id`, `metadata`) VALUES (63, 'deserunt', 63, 588100676, '1999-03-02 10:47:42', '1983-12-30 12:51:16', 3, NULL);
INSERT INTO `media` (`id`, `filename`, `user_id`, `size`, `created_at`, `updated_at`, `media_type_id`, `metadata`) VALUES (64, 'debitis', 64, 298, '2015-02-13 12:38:51', '1982-10-11 15:41:45', 4, NULL);
INSERT INTO `media` (`id`, `filename`, `user_id`, `size`, `created_at`, `updated_at`, `media_type_id`, `metadata`) VALUES (65, 'voluptates', 65, 6702, '1975-12-27 12:11:45', '2016-02-18 07:45:01', 5, NULL);
INSERT INTO `media` (`id`, `filename`, `user_id`, `size`, `created_at`, `updated_at`, `media_type_id`, `metadata`) VALUES (66, 'dolorum', 66, 84, '2011-12-19 18:04:52', '1973-10-07 11:46:42', 1, NULL);
INSERT INTO `media` (`id`, `filename`, `user_id`, `size`, `created_at`, `updated_at`, `media_type_id`, `metadata`) VALUES (67, 'doloribus', 67, 187468541, '2012-05-25 11:21:34', '2012-08-07 01:43:47', 2, NULL);
INSERT INTO `media` (`id`, `filename`, `user_id`, `size`, `created_at`, `updated_at`, `media_type_id`, `metadata`) VALUES (68, 'sed', 68, 976922422, '2019-07-27 14:42:19', '1981-04-13 17:07:45', 3, NULL);
INSERT INTO `media` (`id`, `filename`, `user_id`, `size`, `created_at`, `updated_at`, `media_type_id`, `metadata`) VALUES (69, 'illo', 69, 83127, '2000-09-23 17:55:22', '1991-01-01 04:01:25', 4, NULL);
INSERT INTO `media` (`id`, `filename`, `user_id`, `size`, `created_at`, `updated_at`, `media_type_id`, `metadata`) VALUES (70, 'eum', 70, 780, '2017-06-08 00:17:28', '2006-02-22 00:53:45', 5, NULL);
INSERT INTO `media` (`id`, `filename`, `user_id`, `size`, `created_at`, `updated_at`, `media_type_id`, `metadata`) VALUES (71, 'praesentium', 71, 1829168, '1980-06-06 11:24:43', '1986-10-13 13:56:44', 1, NULL);
INSERT INTO `media` (`id`, `filename`, `user_id`, `size`, `created_at`, `updated_at`, `media_type_id`, `metadata`) VALUES (72, 'perspiciatis', 72, 6408956, '1991-05-07 22:37:14', '2015-04-13 03:35:52', 2, NULL);
INSERT INTO `media` (`id`, `filename`, `user_id`, `size`, `created_at`, `updated_at`, `media_type_id`, `metadata`) VALUES (73, 'sequi', 73, 88321081, '1979-06-29 23:56:49', '1971-10-23 09:46:10', 3, NULL);
INSERT INTO `media` (`id`, `filename`, `user_id`, `size`, `created_at`, `updated_at`, `media_type_id`, `metadata`) VALUES (74, 'a', 74, 60443, '1993-12-14 10:48:57', '1976-09-08 20:35:19', 4, NULL);
INSERT INTO `media` (`id`, `filename`, `user_id`, `size`, `created_at`, `updated_at`, `media_type_id`, `metadata`) VALUES (75, 'eligendi', 75, 432834160, '1989-01-07 16:16:21', '1978-11-04 06:36:46', 5, NULL);
INSERT INTO `media` (`id`, `filename`, `user_id`, `size`, `created_at`, `updated_at`, `media_type_id`, `metadata`) VALUES (76, 'consequuntur', 76, 1442071, '1973-01-24 16:52:41', '1995-06-19 07:20:58', 1, NULL);
INSERT INTO `media` (`id`, `filename`, `user_id`, `size`, `created_at`, `updated_at`, `media_type_id`, `metadata`) VALUES (77, 'fugiat', 77, 384505, '2008-02-23 01:00:55', '1970-07-19 00:34:08', 2, NULL);
INSERT INTO `media` (`id`, `filename`, `user_id`, `size`, `created_at`, `updated_at`, `media_type_id`, `metadata`) VALUES (78, 'officia', 78, 656075173, '1970-04-15 20:19:55', '1980-06-15 14:02:26', 3, NULL);
INSERT INTO `media` (`id`, `filename`, `user_id`, `size`, `created_at`, `updated_at`, `media_type_id`, `metadata`) VALUES (79, 'omnis', 79, 9283, '1993-10-18 14:41:00', '1979-11-20 04:13:41', 4, NULL);
INSERT INTO `media` (`id`, `filename`, `user_id`, `size`, `created_at`, `updated_at`, `media_type_id`, `metadata`) VALUES (80, 'quibusdam', 80, 5757, '1991-10-08 09:17:16', '2007-09-24 23:31:37', 5, NULL);
INSERT INTO `media` (`id`, `filename`, `user_id`, `size`, `created_at`, `updated_at`, `media_type_id`, `metadata`) VALUES (81, 'voluptatum', 81, 0, '2003-04-14 14:26:44', '2019-01-31 20:55:54', 1, NULL);
INSERT INTO `media` (`id`, `filename`, `user_id`, `size`, `created_at`, `updated_at`, `media_type_id`, `metadata`) VALUES (82, 'molestiae', 82, 18587, '2004-03-28 14:40:14', '2007-05-20 06:22:38', 2, NULL);
INSERT INTO `media` (`id`, `filename`, `user_id`, `size`, `created_at`, `updated_at`, `media_type_id`, `metadata`) VALUES (83, 'vero', 83, 1, '1987-12-29 01:15:39', '2018-07-09 23:16:55', 3, NULL);
INSERT INTO `media` (`id`, `filename`, `user_id`, `size`, `created_at`, `updated_at`, `media_type_id`, `metadata`) VALUES (84, 'dolor', 84, 491579764, '1994-12-30 05:35:40', '1982-07-07 06:25:32', 4, NULL);
INSERT INTO `media` (`id`, `filename`, `user_id`, `size`, `created_at`, `updated_at`, `media_type_id`, `metadata`) VALUES (85, 'repudiandae', 85, 80, '1986-04-29 12:21:23', '2007-03-01 14:40:38', 5, NULL);
INSERT INTO `media` (`id`, `filename`, `user_id`, `size`, `created_at`, `updated_at`, `media_type_id`, `metadata`) VALUES (86, 'delectus', 86, 1, '2020-12-07 11:46:08', '2020-07-27 04:25:39', 1, NULL);
INSERT INTO `media` (`id`, `filename`, `user_id`, `size`, `created_at`, `updated_at`, `media_type_id`, `metadata`) VALUES (87, 'odit', 87, 3, '2001-08-20 14:11:47', '1998-05-08 22:19:14', 2, NULL);
INSERT INTO `media` (`id`, `filename`, `user_id`, `size`, `created_at`, `updated_at`, `media_type_id`, `metadata`) VALUES (88, 'recusandae', 88, 7, '2008-06-04 13:16:27', '1988-04-28 07:31:27', 3, NULL);
INSERT INTO `media` (`id`, `filename`, `user_id`, `size`, `created_at`, `updated_at`, `media_type_id`, `metadata`) VALUES (89, 'eius', 89, 7761, '2011-04-27 10:29:35', '2018-11-03 04:14:55', 4, NULL);
INSERT INTO `media` (`id`, `filename`, `user_id`, `size`, `created_at`, `updated_at`, `media_type_id`, `metadata`) VALUES (90, 'reiciendis', 90, 140335, '2018-03-02 17:55:23', '1990-04-25 15:56:28', 5, NULL);
INSERT INTO `media` (`id`, `filename`, `user_id`, `size`, `created_at`, `updated_at`, `media_type_id`, `metadata`) VALUES (91, 'itaque', 91, 635648, '1988-12-02 23:44:26', '2002-12-11 10:43:24', 1, NULL);
INSERT INTO `media` (`id`, `filename`, `user_id`, `size`, `created_at`, `updated_at`, `media_type_id`, `metadata`) VALUES (92, 'magni', 92, 1902541, '2004-10-19 04:59:57', '2002-12-05 15:52:39', 2, NULL);
INSERT INTO `media` (`id`, `filename`, `user_id`, `size`, `created_at`, `updated_at`, `media_type_id`, `metadata`) VALUES (93, 'dolore', 93, 32, '2007-12-08 20:13:10', '2004-05-28 21:12:27', 3, NULL);
INSERT INTO `media` (`id`, `filename`, `user_id`, `size`, `created_at`, `updated_at`, `media_type_id`, `metadata`) VALUES (94, 'laboriosam', 94, 890742, '1989-06-21 05:43:36', '1989-09-19 11:25:57', 4, NULL);
INSERT INTO `media` (`id`, `filename`, `user_id`, `size`, `created_at`, `updated_at`, `media_type_id`, `metadata`) VALUES (95, 'harum', 95, 127, '2012-10-05 21:45:54', '2020-05-30 13:42:45', 5, NULL);
INSERT INTO `media` (`id`, `filename`, `user_id`, `size`, `created_at`, `updated_at`, `media_type_id`, `metadata`) VALUES (96, 'ipsum', 96, 15131, '1985-09-02 13:13:02', '1982-08-27 11:26:37', 1, NULL);
INSERT INTO `media` (`id`, `filename`, `user_id`, `size`, `created_at`, `updated_at`, `media_type_id`, `metadata`) VALUES (97, 'dignissimos', 97, 84, '1995-10-08 10:21:27', '1976-03-24 11:44:03', 2, NULL);
INSERT INTO `media` (`id`, `filename`, `user_id`, `size`, `created_at`, `updated_at`, `media_type_id`, `metadata`) VALUES (98, 'nostrum', 98, 76027255, '1986-11-21 08:16:11', '1991-07-27 18:31:06', 3, NULL);
INSERT INTO `media` (`id`, `filename`, `user_id`, `size`, `created_at`, `updated_at`, `media_type_id`, `metadata`) VALUES (99, 'earum', 99, 19794, '1986-11-06 23:27:53', '2004-05-18 17:58:56', 4, NULL);
INSERT INTO `media` (`id`, `filename`, `user_id`, `size`, `created_at`, `updated_at`, `media_type_id`, `metadata`) VALUES (100, 'voluptas', 100, 257704944, '1993-05-17 08:37:03', '1970-01-02 04:01:32', 5, NULL);



INSERT INTO `media_likes` (`id`, `author_id`, `media_id`, `created_at`) VALUES (1, 1, 1, '2015-05-02 06:18:36');
INSERT INTO `media_likes` (`id`, `author_id`, `media_id`, `created_at`) VALUES (2, 2, 2, '2009-12-19 03:17:19');
INSERT INTO `media_likes` (`id`, `author_id`, `media_id`, `created_at`) VALUES (3, 3, 3, '2004-06-22 13:35:29');
INSERT INTO `media_likes` (`id`, `author_id`, `media_id`, `created_at`) VALUES (4, 4, 4, '1988-02-11 18:36:32');
INSERT INTO `media_likes` (`id`, `author_id`, `media_id`, `created_at`) VALUES (5, 5, 5, '1985-06-18 16:24:21');
INSERT INTO `media_likes` (`id`, `author_id`, `media_id`, `created_at`) VALUES (6, 6, 6, '1987-05-28 00:42:47');
INSERT INTO `media_likes` (`id`, `author_id`, `media_id`, `created_at`) VALUES (7, 7, 7, '1973-09-29 06:42:01');
INSERT INTO `media_likes` (`id`, `author_id`, `media_id`, `created_at`) VALUES (8, 8, 8, '2014-09-18 20:13:29');
INSERT INTO `media_likes` (`id`, `author_id`, `media_id`, `created_at`) VALUES (9, 9, 9, '2006-12-20 11:37:39');
INSERT INTO `media_likes` (`id`, `author_id`, `media_id`, `created_at`) VALUES (10, 10, 10, '1973-07-06 01:31:20');
INSERT INTO `media_likes` (`id`, `author_id`, `media_id`, `created_at`) VALUES (11, 11, 11, '2007-08-13 00:30:14');
INSERT INTO `media_likes` (`id`, `author_id`, `media_id`, `created_at`) VALUES (12, 12, 12, '1991-06-01 01:40:15');
INSERT INTO `media_likes` (`id`, `author_id`, `media_id`, `created_at`) VALUES (13, 13, 13, '1985-03-20 20:22:03');
INSERT INTO `media_likes` (`id`, `author_id`, `media_id`, `created_at`) VALUES (14, 14, 14, '2007-10-26 23:22:58');
INSERT INTO `media_likes` (`id`, `author_id`, `media_id`, `created_at`) VALUES (15, 15, 15, '1970-03-28 20:13:40');
INSERT INTO `media_likes` (`id`, `author_id`, `media_id`, `created_at`) VALUES (16, 16, 16, '2018-04-11 18:55:43');
INSERT INTO `media_likes` (`id`, `author_id`, `media_id`, `created_at`) VALUES (17, 17, 17, '1984-05-07 12:02:45');
INSERT INTO `media_likes` (`id`, `author_id`, `media_id`, `created_at`) VALUES (18, 18, 18, '1994-02-24 19:21:16');
INSERT INTO `media_likes` (`id`, `author_id`, `media_id`, `created_at`) VALUES (19, 19, 19, '2014-03-19 02:42:44');
INSERT INTO `media_likes` (`id`, `author_id`, `media_id`, `created_at`) VALUES (20, 20, 20, '1978-06-28 06:00:06');
INSERT INTO `media_likes` (`id`, `author_id`, `media_id`, `created_at`) VALUES (21, 21, 21, '1988-10-18 05:09:15');
INSERT INTO `media_likes` (`id`, `author_id`, `media_id`, `created_at`) VALUES (22, 22, 22, '2005-05-28 08:21:41');
INSERT INTO `media_likes` (`id`, `author_id`, `media_id`, `created_at`) VALUES (23, 23, 23, '2011-01-01 12:24:46');
INSERT INTO `media_likes` (`id`, `author_id`, `media_id`, `created_at`) VALUES (24, 24, 24, '1989-06-24 09:24:06');
INSERT INTO `media_likes` (`id`, `author_id`, `media_id`, `created_at`) VALUES (25, 25, 25, '2010-09-01 09:47:40');
INSERT INTO `media_likes` (`id`, `author_id`, `media_id`, `created_at`) VALUES (26, 26, 26, '2000-09-24 13:55:03');
INSERT INTO `media_likes` (`id`, `author_id`, `media_id`, `created_at`) VALUES (27, 27, 27, '1972-09-15 19:23:41');
INSERT INTO `media_likes` (`id`, `author_id`, `media_id`, `created_at`) VALUES (28, 28, 28, '2018-08-14 12:43:24');
INSERT INTO `media_likes` (`id`, `author_id`, `media_id`, `created_at`) VALUES (29, 29, 29, '1992-10-23 09:09:26');
INSERT INTO `media_likes` (`id`, `author_id`, `media_id`, `created_at`) VALUES (30, 30, 30, '1994-06-01 04:40:02');
INSERT INTO `media_likes` (`id`, `author_id`, `media_id`, `created_at`) VALUES (31, 31, 31, '2001-05-12 04:12:10');
INSERT INTO `media_likes` (`id`, `author_id`, `media_id`, `created_at`) VALUES (32, 32, 32, '1977-05-23 21:36:19');
INSERT INTO `media_likes` (`id`, `author_id`, `media_id`, `created_at`) VALUES (33, 33, 33, '2012-04-06 09:37:44');
INSERT INTO `media_likes` (`id`, `author_id`, `media_id`, `created_at`) VALUES (34, 34, 34, '1993-01-19 15:37:43');
INSERT INTO `media_likes` (`id`, `author_id`, `media_id`, `created_at`) VALUES (35, 35, 35, '2015-10-02 06:00:59');
INSERT INTO `media_likes` (`id`, `author_id`, `media_id`, `created_at`) VALUES (36, 36, 36, '1982-05-11 09:23:14');
INSERT INTO `media_likes` (`id`, `author_id`, `media_id`, `created_at`) VALUES (37, 37, 37, '1985-01-30 14:32:35');
INSERT INTO `media_likes` (`id`, `author_id`, `media_id`, `created_at`) VALUES (38, 38, 38, '1992-10-18 03:43:40');
INSERT INTO `media_likes` (`id`, `author_id`, `media_id`, `created_at`) VALUES (39, 39, 39, '1970-11-01 23:56:51');
INSERT INTO `media_likes` (`id`, `author_id`, `media_id`, `created_at`) VALUES (40, 40, 40, '2006-04-03 02:53:23');
INSERT INTO `media_likes` (`id`, `author_id`, `media_id`, `created_at`) VALUES (41, 41, 41, '2000-04-21 23:53:04');
INSERT INTO `media_likes` (`id`, `author_id`, `media_id`, `created_at`) VALUES (42, 42, 42, '1984-12-12 06:49:01');
INSERT INTO `media_likes` (`id`, `author_id`, `media_id`, `created_at`) VALUES (43, 43, 43, '2002-11-10 08:30:07');
INSERT INTO `media_likes` (`id`, `author_id`, `media_id`, `created_at`) VALUES (44, 44, 44, '1997-06-10 02:16:26');
INSERT INTO `media_likes` (`id`, `author_id`, `media_id`, `created_at`) VALUES (45, 45, 45, '1994-01-15 00:31:48');
INSERT INTO `media_likes` (`id`, `author_id`, `media_id`, `created_at`) VALUES (46, 46, 46, '2001-11-20 06:42:24');
INSERT INTO `media_likes` (`id`, `author_id`, `media_id`, `created_at`) VALUES (47, 47, 47, '1997-01-26 05:29:30');
INSERT INTO `media_likes` (`id`, `author_id`, `media_id`, `created_at`) VALUES (48, 48, 48, '2005-10-25 18:12:49');
INSERT INTO `media_likes` (`id`, `author_id`, `media_id`, `created_at`) VALUES (49, 49, 49, '2017-12-21 16:18:11');
INSERT INTO `media_likes` (`id`, `author_id`, `media_id`, `created_at`) VALUES (50, 50, 50, '2009-02-10 07:43:14');
INSERT INTO `media_likes` (`id`, `author_id`, `media_id`, `created_at`) VALUES (51, 51, 51, '2016-03-25 23:57:06');
INSERT INTO `media_likes` (`id`, `author_id`, `media_id`, `created_at`) VALUES (52, 52, 52, '2017-08-22 08:47:35');
INSERT INTO `media_likes` (`id`, `author_id`, `media_id`, `created_at`) VALUES (53, 53, 53, '1981-02-21 10:43:14');
INSERT INTO `media_likes` (`id`, `author_id`, `media_id`, `created_at`) VALUES (54, 54, 54, '1990-05-28 17:22:39');
INSERT INTO `media_likes` (`id`, `author_id`, `media_id`, `created_at`) VALUES (55, 55, 55, '1990-07-09 11:27:38');
INSERT INTO `media_likes` (`id`, `author_id`, `media_id`, `created_at`) VALUES (56, 56, 56, '1992-01-04 05:15:20');
INSERT INTO `media_likes` (`id`, `author_id`, `media_id`, `created_at`) VALUES (57, 57, 57, '1974-10-01 10:53:23');
INSERT INTO `media_likes` (`id`, `author_id`, `media_id`, `created_at`) VALUES (58, 58, 58, '2015-12-27 22:10:30');
INSERT INTO `media_likes` (`id`, `author_id`, `media_id`, `created_at`) VALUES (59, 59, 59, '2013-08-30 23:50:01');
INSERT INTO `media_likes` (`id`, `author_id`, `media_id`, `created_at`) VALUES (60, 60, 60, '1997-06-10 00:35:49');
INSERT INTO `media_likes` (`id`, `author_id`, `media_id`, `created_at`) VALUES (61, 61, 61, '1975-05-31 21:03:19');
INSERT INTO `media_likes` (`id`, `author_id`, `media_id`, `created_at`) VALUES (62, 62, 62, '1986-01-23 10:41:26');
INSERT INTO `media_likes` (`id`, `author_id`, `media_id`, `created_at`) VALUES (63, 63, 63, '1998-10-06 21:28:53');
INSERT INTO `media_likes` (`id`, `author_id`, `media_id`, `created_at`) VALUES (64, 64, 64, '1993-01-18 02:35:50');
INSERT INTO `media_likes` (`id`, `author_id`, `media_id`, `created_at`) VALUES (65, 65, 65, '1984-03-31 21:58:38');
INSERT INTO `media_likes` (`id`, `author_id`, `media_id`, `created_at`) VALUES (66, 66, 66, '2012-05-28 18:52:24');
INSERT INTO `media_likes` (`id`, `author_id`, `media_id`, `created_at`) VALUES (67, 67, 67, '2019-04-27 23:03:29');
INSERT INTO `media_likes` (`id`, `author_id`, `media_id`, `created_at`) VALUES (68, 68, 68, '1972-08-22 08:01:10');
INSERT INTO `media_likes` (`id`, `author_id`, `media_id`, `created_at`) VALUES (69, 69, 69, '2004-01-23 00:54:06');
INSERT INTO `media_likes` (`id`, `author_id`, `media_id`, `created_at`) VALUES (70, 70, 70, '1986-02-27 23:34:16');
INSERT INTO `media_likes` (`id`, `author_id`, `media_id`, `created_at`) VALUES (71, 71, 71, '1987-06-13 07:52:06');
INSERT INTO `media_likes` (`id`, `author_id`, `media_id`, `created_at`) VALUES (72, 72, 72, '1988-08-28 08:31:26');
INSERT INTO `media_likes` (`id`, `author_id`, `media_id`, `created_at`) VALUES (73, 73, 73, '1978-09-28 16:40:49');
INSERT INTO `media_likes` (`id`, `author_id`, `media_id`, `created_at`) VALUES (74, 74, 74, '1979-01-17 07:59:34');
INSERT INTO `media_likes` (`id`, `author_id`, `media_id`, `created_at`) VALUES (75, 75, 75, '2003-03-22 10:35:20');
INSERT INTO `media_likes` (`id`, `author_id`, `media_id`, `created_at`) VALUES (76, 76, 76, '1975-09-08 04:02:08');
INSERT INTO `media_likes` (`id`, `author_id`, `media_id`, `created_at`) VALUES (77, 77, 77, '2016-10-25 20:04:14');
INSERT INTO `media_likes` (`id`, `author_id`, `media_id`, `created_at`) VALUES (78, 78, 78, '2019-10-29 09:07:43');
INSERT INTO `media_likes` (`id`, `author_id`, `media_id`, `created_at`) VALUES (79, 79, 79, '1970-04-04 04:31:31');
INSERT INTO `media_likes` (`id`, `author_id`, `media_id`, `created_at`) VALUES (80, 80, 80, '2015-07-09 03:24:43');
INSERT INTO `media_likes` (`id`, `author_id`, `media_id`, `created_at`) VALUES (81, 81, 81, '2001-12-05 23:52:17');
INSERT INTO `media_likes` (`id`, `author_id`, `media_id`, `created_at`) VALUES (82, 82, 82, '1976-05-29 18:26:58');
INSERT INTO `media_likes` (`id`, `author_id`, `media_id`, `created_at`) VALUES (83, 83, 83, '2004-11-10 05:36:42');
INSERT INTO `media_likes` (`id`, `author_id`, `media_id`, `created_at`) VALUES (84, 84, 84, '1976-11-23 04:46:54');
INSERT INTO `media_likes` (`id`, `author_id`, `media_id`, `created_at`) VALUES (85, 85, 85, '1987-08-05 18:13:07');
INSERT INTO `media_likes` (`id`, `author_id`, `media_id`, `created_at`) VALUES (86, 86, 86, '1985-09-17 11:05:10');
INSERT INTO `media_likes` (`id`, `author_id`, `media_id`, `created_at`) VALUES (87, 87, 87, '2013-01-29 02:31:39');
INSERT INTO `media_likes` (`id`, `author_id`, `media_id`, `created_at`) VALUES (88, 88, 88, '1975-08-01 00:40:43');
INSERT INTO `media_likes` (`id`, `author_id`, `media_id`, `created_at`) VALUES (89, 89, 89, '2017-09-21 05:33:23');
INSERT INTO `media_likes` (`id`, `author_id`, `media_id`, `created_at`) VALUES (90, 90, 90, '1987-01-22 21:48:11');
INSERT INTO `media_likes` (`id`, `author_id`, `media_id`, `created_at`) VALUES (91, 91, 91, '2002-09-30 18:30:53');
INSERT INTO `media_likes` (`id`, `author_id`, `media_id`, `created_at`) VALUES (92, 92, 92, '1976-01-16 04:19:12');
INSERT INTO `media_likes` (`id`, `author_id`, `media_id`, `created_at`) VALUES (93, 93, 93, '2021-07-28 13:59:01');
INSERT INTO `media_likes` (`id`, `author_id`, `media_id`, `created_at`) VALUES (94, 94, 94, '2003-01-01 20:40:51');
INSERT INTO `media_likes` (`id`, `author_id`, `media_id`, `created_at`) VALUES (95, 95, 95, '1970-04-05 07:09:47');
INSERT INTO `media_likes` (`id`, `author_id`, `media_id`, `created_at`) VALUES (96, 96, 96, '2015-03-15 06:18:06');
INSERT INTO `media_likes` (`id`, `author_id`, `media_id`, `created_at`) VALUES (97, 97, 97, '2009-12-22 16:31:45');
INSERT INTO `media_likes` (`id`, `author_id`, `media_id`, `created_at`) VALUES (98, 98, 98, '2009-05-06 13:11:20');
INSERT INTO `media_likes` (`id`, `author_id`, `media_id`, `created_at`) VALUES (99, 99, 99, '2017-01-21 11:03:04');
INSERT INTO `media_likes` (`id`, `author_id`, `media_id`, `created_at`) VALUES (100, 100, 100, '1989-11-03 17:17:34');

INSERT INTO `friendship_request_types` (`id`, `name`, `created_at`, `updated_at`) VALUES (1, 'nihil', '2015-12-03 22:53:09', '1973-07-31 11:13:22');
INSERT INTO `friendship_request_types` (`id`, `name`, `created_at`, `updated_at`) VALUES (2, 'labore', '1996-09-27 19:29:20', '2006-11-11 23:55:45');
INSERT INTO `friendship_request_types` (`id`, `name`, `created_at`, `updated_at`) VALUES (3, 'dolore', '1977-01-28 16:00:34', '1981-04-29 09:03:13');


INSERT INTO `friendship` (`user_id`, `friend_id`, `requested_at`, `confirmed_at`, `created_at`, `updated_at`, `request_type_id`) VALUES (1, 1, '2014-06-03 10:35:03', '1991-11-06 21:43:19', '1979-05-16 04:55:46', '1996-05-26 19:27:23', 1);
INSERT INTO `friendship` (`user_id`, `friend_id`, `requested_at`, `confirmed_at`, `created_at`, `updated_at`, `request_type_id`) VALUES (2, 2, '2006-08-04 16:19:47', '1998-05-04 12:53:39', '1972-06-04 10:49:41', '1997-09-07 12:08:07', 2);
INSERT INTO `friendship` (`user_id`, `friend_id`, `requested_at`, `confirmed_at`, `created_at`, `updated_at`, `request_type_id`) VALUES (3, 3, '1991-08-12 02:03:26', '1992-09-08 07:17:30', '2001-12-21 21:50:32', '1980-10-06 00:39:11', 3);
INSERT INTO `friendship` (`user_id`, `friend_id`, `requested_at`, `confirmed_at`, `created_at`, `updated_at`, `request_type_id`) VALUES (4, 4, '2015-01-29 23:59:19', '2018-09-28 18:44:26', '1976-03-21 15:00:34', '2000-07-02 10:40:14', 1);
INSERT INTO `friendship` (`user_id`, `friend_id`, `requested_at`, `confirmed_at`, `created_at`, `updated_at`, `request_type_id`) VALUES (5, 5, '2009-08-06 03:28:58', '2000-02-27 00:51:06', '1973-02-11 12:30:41', '1985-04-19 02:35:33', 2);
INSERT INTO `friendship` (`user_id`, `friend_id`, `requested_at`, `confirmed_at`, `created_at`, `updated_at`, `request_type_id`) VALUES (6, 6, '1975-01-17 06:57:10', '2018-07-02 08:36:49', '1999-08-15 23:43:20', '1980-07-28 12:11:34', 3);
INSERT INTO `friendship` (`user_id`, `friend_id`, `requested_at`, `confirmed_at`, `created_at`, `updated_at`, `request_type_id`) VALUES (7, 7, '1992-03-15 17:35:47', '1983-06-30 10:40:51', '2008-06-18 23:38:09', '1983-09-08 01:34:31', 1);
INSERT INTO `friendship` (`user_id`, `friend_id`, `requested_at`, `confirmed_at`, `created_at`, `updated_at`, `request_type_id`) VALUES (8, 8, '2011-07-17 18:00:01', '1978-05-25 10:06:00', '2005-01-05 06:48:14', '2020-09-21 00:45:01', 2);
INSERT INTO `friendship` (`user_id`, `friend_id`, `requested_at`, `confirmed_at`, `created_at`, `updated_at`, `request_type_id`) VALUES (9, 9, '1989-09-15 04:02:59', '1972-09-09 16:08:27', '2008-05-11 17:17:36', '2016-05-15 17:52:09', 3);
INSERT INTO `friendship` (`user_id`, `friend_id`, `requested_at`, `confirmed_at`, `created_at`, `updated_at`, `request_type_id`) VALUES (10, 10, '2008-11-01 02:52:49', '1989-02-04 09:10:50', '1971-10-14 20:17:10', '1975-08-22 04:30:18', 1);
INSERT INTO `friendship` (`user_id`, `friend_id`, `requested_at`, `confirmed_at`, `created_at`, `updated_at`, `request_type_id`) VALUES (11, 11, '2019-05-17 21:12:27', '1984-09-19 15:15:47', '1993-03-01 01:28:53', '2001-07-31 07:09:10', 2);
INSERT INTO `friendship` (`user_id`, `friend_id`, `requested_at`, `confirmed_at`, `created_at`, `updated_at`, `request_type_id`) VALUES (12, 12, '1996-01-12 18:55:59', '1974-01-28 01:39:32', '1986-07-01 13:11:52', '1992-10-08 14:30:23', 3);
INSERT INTO `friendship` (`user_id`, `friend_id`, `requested_at`, `confirmed_at`, `created_at`, `updated_at`, `request_type_id`) VALUES (13, 13, '2014-05-13 10:13:02', '1979-12-05 11:55:52', '1993-03-15 02:36:48', '1971-01-27 12:04:32', 1);
INSERT INTO `friendship` (`user_id`, `friend_id`, `requested_at`, `confirmed_at`, `created_at`, `updated_at`, `request_type_id`) VALUES (14, 14, '1998-03-17 05:19:01', '1980-03-17 02:33:41', '2020-03-29 20:38:46', '1970-07-28 22:49:58', 2);
INSERT INTO `friendship` (`user_id`, `friend_id`, `requested_at`, `confirmed_at`, `created_at`, `updated_at`, `request_type_id`) VALUES (15, 15, '1979-03-15 18:15:40', '2006-06-09 20:27:24', '1975-12-18 11:58:34', '2007-06-21 06:16:19', 3);
INSERT INTO `friendship` (`user_id`, `friend_id`, `requested_at`, `confirmed_at`, `created_at`, `updated_at`, `request_type_id`) VALUES (16, 16, '2006-12-20 14:50:08', '2015-02-21 17:59:25', '1990-07-21 02:27:33', '2006-09-17 06:40:13', 1);
INSERT INTO `friendship` (`user_id`, `friend_id`, `requested_at`, `confirmed_at`, `created_at`, `updated_at`, `request_type_id`) VALUES (17, 17, '2018-10-09 20:38:50', '1996-02-20 04:57:30', '2015-05-23 11:57:59', '1993-02-08 23:10:35', 2);
INSERT INTO `friendship` (`user_id`, `friend_id`, `requested_at`, `confirmed_at`, `created_at`, `updated_at`, `request_type_id`) VALUES (18, 18, '2020-12-28 01:14:51', '2014-03-16 11:39:47', '1983-06-30 06:49:02', '1976-05-24 03:26:39', 3);
INSERT INTO `friendship` (`user_id`, `friend_id`, `requested_at`, `confirmed_at`, `created_at`, `updated_at`, `request_type_id`) VALUES (19, 19, '1978-04-08 19:24:10', '2012-11-23 07:45:46', '1988-01-29 15:18:51', '2005-07-22 09:53:11', 1);
INSERT INTO `friendship` (`user_id`, `friend_id`, `requested_at`, `confirmed_at`, `created_at`, `updated_at`, `request_type_id`) VALUES (20, 20, '1990-11-13 20:57:54', '1999-12-17 00:26:11', '1994-06-26 00:39:14', '2004-08-06 16:18:21', 2);
INSERT INTO `friendship` (`user_id`, `friend_id`, `requested_at`, `confirmed_at`, `created_at`, `updated_at`, `request_type_id`) VALUES (21, 21, '2010-04-29 12:21:16', '1973-08-11 22:34:57', '2007-12-07 17:24:05', '2012-11-10 06:55:51', 3);
INSERT INTO `friendship` (`user_id`, `friend_id`, `requested_at`, `confirmed_at`, `created_at`, `updated_at`, `request_type_id`) VALUES (22, 22, '2009-07-04 14:02:25', '1981-08-17 22:11:46', '1971-04-14 06:17:42', '1993-04-28 18:39:39', 1);
INSERT INTO `friendship` (`user_id`, `friend_id`, `requested_at`, `confirmed_at`, `created_at`, `updated_at`, `request_type_id`) VALUES (23, 23, '1977-01-16 09:35:42', '2015-06-11 05:44:12', '1975-09-03 01:44:34', '2014-08-11 11:23:09', 2);
INSERT INTO `friendship` (`user_id`, `friend_id`, `requested_at`, `confirmed_at`, `created_at`, `updated_at`, `request_type_id`) VALUES (24, 24, '2020-09-20 06:51:28', '1988-10-01 19:47:09', '1985-10-29 10:30:18', '2008-02-07 14:55:06', 3);
INSERT INTO `friendship` (`user_id`, `friend_id`, `requested_at`, `confirmed_at`, `created_at`, `updated_at`, `request_type_id`) VALUES (25, 25, '1976-02-05 23:32:27', '1982-03-20 17:02:36', '1975-01-06 08:35:05', '1982-06-12 05:30:01', 1);
INSERT INTO `friendship` (`user_id`, `friend_id`, `requested_at`, `confirmed_at`, `created_at`, `updated_at`, `request_type_id`) VALUES (26, 26, '1973-02-23 15:54:53', '2012-02-29 04:37:41', '1971-08-28 07:07:00', '2003-07-21 01:44:26', 2);
INSERT INTO `friendship` (`user_id`, `friend_id`, `requested_at`, `confirmed_at`, `created_at`, `updated_at`, `request_type_id`) VALUES (27, 27, '1976-03-28 18:14:24', '1997-12-04 07:04:00', '1984-07-30 07:51:04', '2010-06-25 16:54:50', 3);
INSERT INTO `friendship` (`user_id`, `friend_id`, `requested_at`, `confirmed_at`, `created_at`, `updated_at`, `request_type_id`) VALUES (28, 28, '2007-04-19 06:20:10', '1984-07-11 16:25:24', '1980-12-16 00:04:05', '1970-08-27 04:57:16', 1);
INSERT INTO `friendship` (`user_id`, `friend_id`, `requested_at`, `confirmed_at`, `created_at`, `updated_at`, `request_type_id`) VALUES (29, 29, '1979-04-19 13:07:43', '2014-04-03 15:42:23', '1972-09-29 21:52:29', '2000-08-10 10:06:28', 2);
INSERT INTO `friendship` (`user_id`, `friend_id`, `requested_at`, `confirmed_at`, `created_at`, `updated_at`, `request_type_id`) VALUES (30, 30, '1983-04-04 05:09:08', '1980-05-30 11:34:44', '2011-06-23 16:00:49', '2009-04-18 10:29:49', 3);
INSERT INTO `friendship` (`user_id`, `friend_id`, `requested_at`, `confirmed_at`, `created_at`, `updated_at`, `request_type_id`) VALUES (31, 31, '2008-04-24 08:23:12', '1986-06-27 13:50:13', '1992-03-12 03:41:41', '1983-08-05 14:04:45', 1);
INSERT INTO `friendship` (`user_id`, `friend_id`, `requested_at`, `confirmed_at`, `created_at`, `updated_at`, `request_type_id`) VALUES (32, 32, '2009-07-21 12:14:51', '2021-07-23 16:06:10', '1979-04-19 06:24:09', '1973-07-21 23:42:23', 2);
INSERT INTO `friendship` (`user_id`, `friend_id`, `requested_at`, `confirmed_at`, `created_at`, `updated_at`, `request_type_id`) VALUES (33, 33, '2021-06-24 13:16:23', '1985-04-26 12:59:49', '2021-07-07 10:33:39', '1980-04-29 04:53:49', 3);
INSERT INTO `friendship` (`user_id`, `friend_id`, `requested_at`, `confirmed_at`, `created_at`, `updated_at`, `request_type_id`) VALUES (34, 34, '1978-11-05 04:44:04', '1974-07-28 13:23:18', '1979-05-15 02:13:09', '2014-10-15 10:49:02', 1);
INSERT INTO `friendship` (`user_id`, `friend_id`, `requested_at`, `confirmed_at`, `created_at`, `updated_at`, `request_type_id`) VALUES (35, 35, '1979-11-04 12:25:47', '1971-06-01 20:21:10', '1997-11-16 22:00:43', '1970-05-13 07:03:21', 2);
INSERT INTO `friendship` (`user_id`, `friend_id`, `requested_at`, `confirmed_at`, `created_at`, `updated_at`, `request_type_id`) VALUES (36, 36, '1991-07-27 21:17:43', '2015-09-24 20:36:14', '2013-12-04 02:44:07', '1976-03-26 04:46:42', 3);
INSERT INTO `friendship` (`user_id`, `friend_id`, `requested_at`, `confirmed_at`, `created_at`, `updated_at`, `request_type_id`) VALUES (37, 37, '2007-08-21 10:36:49', '2004-09-23 03:21:52', '2003-07-24 12:25:06', '2010-01-28 11:02:11', 1);
INSERT INTO `friendship` (`user_id`, `friend_id`, `requested_at`, `confirmed_at`, `created_at`, `updated_at`, `request_type_id`) VALUES (38, 38, '2020-10-24 19:53:11', '1988-05-11 02:39:21', '1984-03-18 17:03:29', '2006-05-04 09:33:29', 2);
INSERT INTO `friendship` (`user_id`, `friend_id`, `requested_at`, `confirmed_at`, `created_at`, `updated_at`, `request_type_id`) VALUES (39, 39, '2011-12-30 11:34:54', '2014-02-21 17:27:50', '1996-04-13 10:47:03', '2013-10-28 20:17:33', 3);
INSERT INTO `friendship` (`user_id`, `friend_id`, `requested_at`, `confirmed_at`, `created_at`, `updated_at`, `request_type_id`) VALUES (40, 40, '2018-09-10 04:53:11', '1971-01-05 02:01:04', '2010-01-11 10:21:33', '2020-12-28 05:25:42', 1);
INSERT INTO `friendship` (`user_id`, `friend_id`, `requested_at`, `confirmed_at`, `created_at`, `updated_at`, `request_type_id`) VALUES (41, 41, '1991-11-30 06:19:09', '2003-01-29 22:16:24', '1972-07-17 01:02:37', '2021-09-02 05:08:59', 2);
INSERT INTO `friendship` (`user_id`, `friend_id`, `requested_at`, `confirmed_at`, `created_at`, `updated_at`, `request_type_id`) VALUES (42, 42, '2004-08-20 23:21:03', '2004-12-29 07:14:01', '2009-11-21 22:24:45', '2016-05-05 23:12:46', 3);
INSERT INTO `friendship` (`user_id`, `friend_id`, `requested_at`, `confirmed_at`, `created_at`, `updated_at`, `request_type_id`) VALUES (43, 43, '2003-08-28 02:40:59', '1977-01-23 19:57:02', '1973-11-11 02:50:26', '2017-12-07 06:32:10', 1);
INSERT INTO `friendship` (`user_id`, `friend_id`, `requested_at`, `confirmed_at`, `created_at`, `updated_at`, `request_type_id`) VALUES (44, 44, '2000-01-15 13:36:36', '1998-10-25 15:28:40', '2020-10-15 15:18:34', '1970-05-18 10:54:18', 2);
INSERT INTO `friendship` (`user_id`, `friend_id`, `requested_at`, `confirmed_at`, `created_at`, `updated_at`, `request_type_id`) VALUES (45, 45, '1987-02-06 10:39:44', '1988-11-03 00:39:12', '1995-01-02 00:20:11', '1980-12-31 22:50:50', 3);
INSERT INTO `friendship` (`user_id`, `friend_id`, `requested_at`, `confirmed_at`, `created_at`, `updated_at`, `request_type_id`) VALUES (46, 46, '2002-06-09 05:29:58', '2003-05-27 22:45:18', '1979-01-15 10:45:16', '2011-11-15 18:03:20', 1);
INSERT INTO `friendship` (`user_id`, `friend_id`, `requested_at`, `confirmed_at`, `created_at`, `updated_at`, `request_type_id`) VALUES (47, 47, '2011-09-16 08:52:36', '2000-06-25 19:41:54', '1972-09-10 09:37:49', '1999-07-10 10:39:54', 2);
INSERT INTO `friendship` (`user_id`, `friend_id`, `requested_at`, `confirmed_at`, `created_at`, `updated_at`, `request_type_id`) VALUES (48, 48, '2010-07-05 11:09:09', '2004-08-08 10:57:54', '1998-12-25 17:58:46', '2008-07-25 08:54:57', 3);
INSERT INTO `friendship` (`user_id`, `friend_id`, `requested_at`, `confirmed_at`, `created_at`, `updated_at`, `request_type_id`) VALUES (49, 49, '1982-05-27 10:56:42', '2009-08-10 16:09:38', '1977-08-12 13:11:00', '1981-12-04 11:46:14', 1);
INSERT INTO `friendship` (`user_id`, `friend_id`, `requested_at`, `confirmed_at`, `created_at`, `updated_at`, `request_type_id`) VALUES (50, 50, '1979-09-25 06:33:44', '2012-11-17 02:48:08', '2021-06-07 23:03:09', '1971-04-21 17:34:36', 2);
INSERT INTO `friendship` (`user_id`, `friend_id`, `requested_at`, `confirmed_at`, `created_at`, `updated_at`, `request_type_id`) VALUES (51, 51, '2007-06-20 21:22:56', '2011-10-22 09:23:10', '2014-08-24 18:29:27', '1995-09-21 16:53:05', 3);
INSERT INTO `friendship` (`user_id`, `friend_id`, `requested_at`, `confirmed_at`, `created_at`, `updated_at`, `request_type_id`) VALUES (52, 52, '1975-11-26 17:24:29', '2005-10-25 13:37:43', '1978-07-22 17:34:17', '1986-12-24 09:23:28', 1);
INSERT INTO `friendship` (`user_id`, `friend_id`, `requested_at`, `confirmed_at`, `created_at`, `updated_at`, `request_type_id`) VALUES (53, 53, '2001-01-01 05:22:55', '1992-09-11 03:26:14', '2014-06-29 09:40:53', '2013-10-30 21:24:15', 2);
INSERT INTO `friendship` (`user_id`, `friend_id`, `requested_at`, `confirmed_at`, `created_at`, `updated_at`, `request_type_id`) VALUES (54, 54, '2013-03-13 15:53:32', '2003-01-11 04:50:12', '2014-08-26 03:46:03', '2021-06-15 02:10:06', 3);
INSERT INTO `friendship` (`user_id`, `friend_id`, `requested_at`, `confirmed_at`, `created_at`, `updated_at`, `request_type_id`) VALUES (55, 55, '1995-07-09 20:54:34', '2015-03-23 00:25:15', '1975-11-07 05:36:09', '1980-01-09 08:18:48', 1);
INSERT INTO `friendship` (`user_id`, `friend_id`, `requested_at`, `confirmed_at`, `created_at`, `updated_at`, `request_type_id`) VALUES (56, 56, '1987-03-18 21:59:31', '1984-12-07 11:28:46', '1991-07-23 18:07:52', '2017-06-07 07:44:23', 2);
INSERT INTO `friendship` (`user_id`, `friend_id`, `requested_at`, `confirmed_at`, `created_at`, `updated_at`, `request_type_id`) VALUES (57, 57, '2007-08-03 04:45:12', '2005-08-18 02:23:21', '2003-10-29 14:30:34', '2017-11-04 22:53:58', 3);
INSERT INTO `friendship` (`user_id`, `friend_id`, `requested_at`, `confirmed_at`, `created_at`, `updated_at`, `request_type_id`) VALUES (58, 58, '1973-08-19 23:10:35', '1984-04-14 01:26:39', '2012-09-03 23:44:00', '2006-03-28 03:08:28', 1);
INSERT INTO `friendship` (`user_id`, `friend_id`, `requested_at`, `confirmed_at`, `created_at`, `updated_at`, `request_type_id`) VALUES (59, 59, '2021-06-05 07:18:18', '1971-01-27 18:12:35', '2009-09-22 05:17:09', '2016-03-24 14:13:22', 2);
INSERT INTO `friendship` (`user_id`, `friend_id`, `requested_at`, `confirmed_at`, `created_at`, `updated_at`, `request_type_id`) VALUES (60, 60, '1979-02-11 17:21:29', '1993-02-09 23:35:58', '2015-10-16 08:59:51', '2012-09-05 16:20:10', 3);
INSERT INTO `friendship` (`user_id`, `friend_id`, `requested_at`, `confirmed_at`, `created_at`, `updated_at`, `request_type_id`) VALUES (61, 61, '1970-10-26 17:48:30', '1998-06-13 15:54:19', '2004-02-17 10:33:11', '1972-07-27 18:00:56', 1);
INSERT INTO `friendship` (`user_id`, `friend_id`, `requested_at`, `confirmed_at`, `created_at`, `updated_at`, `request_type_id`) VALUES (62, 62, '1983-06-21 13:24:02', '2011-12-24 15:51:11', '2013-10-25 16:57:31', '1972-04-07 17:37:36', 2);
INSERT INTO `friendship` (`user_id`, `friend_id`, `requested_at`, `confirmed_at`, `created_at`, `updated_at`, `request_type_id`) VALUES (63, 63, '1988-05-15 20:09:56', '2005-08-13 18:51:28', '1995-11-01 15:12:09', '2021-04-02 12:47:29', 3);
INSERT INTO `friendship` (`user_id`, `friend_id`, `requested_at`, `confirmed_at`, `created_at`, `updated_at`, `request_type_id`) VALUES (64, 64, '2018-10-29 09:49:36', '2007-05-06 15:44:21', '1992-07-29 15:01:17', '1981-02-01 05:46:04', 1);
INSERT INTO `friendship` (`user_id`, `friend_id`, `requested_at`, `confirmed_at`, `created_at`, `updated_at`, `request_type_id`) VALUES (65, 65, '1982-09-11 05:44:32', '1993-12-13 14:05:28', '1978-11-20 18:36:32', '2006-02-12 22:35:55', 2);
INSERT INTO `friendship` (`user_id`, `friend_id`, `requested_at`, `confirmed_at`, `created_at`, `updated_at`, `request_type_id`) VALUES (66, 66, '2018-05-31 13:38:43', '1996-01-23 14:50:01', '2011-09-04 00:56:25', '1989-02-21 08:37:40', 3);
INSERT INTO `friendship` (`user_id`, `friend_id`, `requested_at`, `confirmed_at`, `created_at`, `updated_at`, `request_type_id`) VALUES (67, 67, '2006-04-06 21:19:42', '2018-11-17 15:15:18', '1998-10-16 17:32:15', '1999-04-03 01:53:24', 1);
INSERT INTO `friendship` (`user_id`, `friend_id`, `requested_at`, `confirmed_at`, `created_at`, `updated_at`, `request_type_id`) VALUES (68, 68, '2006-01-13 15:53:32', '2015-03-29 04:16:47', '2007-10-01 11:47:18', '1979-01-12 01:20:05', 2);
INSERT INTO `friendship` (`user_id`, `friend_id`, `requested_at`, `confirmed_at`, `created_at`, `updated_at`, `request_type_id`) VALUES (69, 69, '2002-07-19 01:17:05', '2019-07-20 17:04:37', '2011-10-17 02:33:38', '1989-01-18 12:51:18', 3);
INSERT INTO `friendship` (`user_id`, `friend_id`, `requested_at`, `confirmed_at`, `created_at`, `updated_at`, `request_type_id`) VALUES (70, 70, '1988-06-15 03:37:21', '1989-03-26 23:03:38', '1989-11-14 22:13:15', '2007-08-10 20:24:52', 1);
INSERT INTO `friendship` (`user_id`, `friend_id`, `requested_at`, `confirmed_at`, `created_at`, `updated_at`, `request_type_id`) VALUES (71, 71, '2003-01-27 21:11:27', '1977-04-20 09:24:36', '2012-06-16 20:20:40', '2000-11-05 21:02:39', 2);
INSERT INTO `friendship` (`user_id`, `friend_id`, `requested_at`, `confirmed_at`, `created_at`, `updated_at`, `request_type_id`) VALUES (72, 72, '1979-03-26 13:05:21', '2020-02-13 05:00:09', '2010-08-31 08:36:37', '2012-03-10 16:24:58', 3);
INSERT INTO `friendship` (`user_id`, `friend_id`, `requested_at`, `confirmed_at`, `created_at`, `updated_at`, `request_type_id`) VALUES (73, 73, '1986-05-12 14:13:36', '2006-07-30 04:35:34', '1989-07-20 23:57:02', '1982-03-16 13:10:18', 1);
INSERT INTO `friendship` (`user_id`, `friend_id`, `requested_at`, `confirmed_at`, `created_at`, `updated_at`, `request_type_id`) VALUES (74, 74, '1971-07-17 05:14:15', '1995-10-22 20:17:28', '1988-12-26 18:36:56', '1995-04-08 23:31:05', 2);
INSERT INTO `friendship` (`user_id`, `friend_id`, `requested_at`, `confirmed_at`, `created_at`, `updated_at`, `request_type_id`) VALUES (75, 75, '1996-01-26 20:33:07', '1976-10-30 11:11:14', '2019-03-19 05:22:48', '2000-05-27 20:30:30', 3);
INSERT INTO `friendship` (`user_id`, `friend_id`, `requested_at`, `confirmed_at`, `created_at`, `updated_at`, `request_type_id`) VALUES (76, 76, '1988-10-06 08:43:00', '1978-07-17 05:23:42', '2013-09-10 23:04:34', '1985-09-21 03:52:38', 1);
INSERT INTO `friendship` (`user_id`, `friend_id`, `requested_at`, `confirmed_at`, `created_at`, `updated_at`, `request_type_id`) VALUES (77, 77, '1982-10-14 00:38:20', '1985-03-10 21:37:40', '1999-12-10 08:23:14', '1982-08-10 22:59:44', 2);
INSERT INTO `friendship` (`user_id`, `friend_id`, `requested_at`, `confirmed_at`, `created_at`, `updated_at`, `request_type_id`) VALUES (78, 78, '2006-05-30 08:31:47', '2007-08-21 04:12:33', '1979-09-02 10:03:01', '2015-01-23 21:08:52', 3);
INSERT INTO `friendship` (`user_id`, `friend_id`, `requested_at`, `confirmed_at`, `created_at`, `updated_at`, `request_type_id`) VALUES (79, 79, '1980-04-10 20:24:21', '1978-09-19 20:39:30', '1978-05-05 22:42:23', '1995-04-07 12:30:09', 1);
INSERT INTO `friendship` (`user_id`, `friend_id`, `requested_at`, `confirmed_at`, `created_at`, `updated_at`, `request_type_id`) VALUES (80, 80, '2003-12-23 14:07:52', '1985-11-04 18:14:10', '2003-01-27 18:48:38', '1994-07-03 04:35:16', 2);
INSERT INTO `friendship` (`user_id`, `friend_id`, `requested_at`, `confirmed_at`, `created_at`, `updated_at`, `request_type_id`) VALUES (81, 81, '1985-01-04 05:05:16', '2017-09-21 10:54:28', '2001-10-31 20:12:16', '1970-11-29 05:04:25', 3);
INSERT INTO `friendship` (`user_id`, `friend_id`, `requested_at`, `confirmed_at`, `created_at`, `updated_at`, `request_type_id`) VALUES (82, 82, '2018-09-09 02:39:56', '1992-12-18 14:37:58', '2004-12-09 16:51:58', '2019-02-28 03:44:15', 1);
INSERT INTO `friendship` (`user_id`, `friend_id`, `requested_at`, `confirmed_at`, `created_at`, `updated_at`, `request_type_id`) VALUES (83, 83, '2020-02-02 21:22:03', '1997-12-06 10:18:40', '1971-06-08 06:48:28', '1994-08-01 14:30:53', 2);
INSERT INTO `friendship` (`user_id`, `friend_id`, `requested_at`, `confirmed_at`, `created_at`, `updated_at`, `request_type_id`) VALUES (84, 84, '1991-03-18 08:17:08', '1993-01-09 11:03:25', '1982-02-15 05:25:17', '1982-08-02 03:35:10', 3);
INSERT INTO `friendship` (`user_id`, `friend_id`, `requested_at`, `confirmed_at`, `created_at`, `updated_at`, `request_type_id`) VALUES (85, 85, '2004-04-01 01:01:33', '1987-08-04 19:37:52', '2018-06-09 07:50:08', '1980-03-15 12:48:04', 1);
INSERT INTO `friendship` (`user_id`, `friend_id`, `requested_at`, `confirmed_at`, `created_at`, `updated_at`, `request_type_id`) VALUES (86, 86, '1995-01-22 09:16:07', '1980-11-16 09:53:13', '1980-06-24 07:56:32', '2021-02-18 20:17:55', 2);
INSERT INTO `friendship` (`user_id`, `friend_id`, `requested_at`, `confirmed_at`, `created_at`, `updated_at`, `request_type_id`) VALUES (87, 87, '2017-09-02 04:53:19', '1990-07-17 12:26:51', '1971-11-09 22:29:17', '1982-08-09 23:21:50', 3);
INSERT INTO `friendship` (`user_id`, `friend_id`, `requested_at`, `confirmed_at`, `created_at`, `updated_at`, `request_type_id`) VALUES (88, 88, '1976-10-03 03:03:52', '1977-03-05 01:38:59', '1996-10-07 12:09:39', '2002-01-23 15:43:57', 1);
INSERT INTO `friendship` (`user_id`, `friend_id`, `requested_at`, `confirmed_at`, `created_at`, `updated_at`, `request_type_id`) VALUES (89, 89, '2001-03-09 12:38:13', '2011-04-04 15:58:07', '1997-11-06 01:15:48', '1991-07-17 11:14:53', 2);
INSERT INTO `friendship` (`user_id`, `friend_id`, `requested_at`, `confirmed_at`, `created_at`, `updated_at`, `request_type_id`) VALUES (90, 90, '2007-09-05 09:11:13', '1979-01-03 13:56:08', '2016-02-14 05:38:42', '1980-08-17 05:00:46', 3);
INSERT INTO `friendship` (`user_id`, `friend_id`, `requested_at`, `confirmed_at`, `created_at`, `updated_at`, `request_type_id`) VALUES (91, 91, '1972-02-15 18:53:18', '2009-03-23 04:17:55', '2003-12-20 06:06:48', '1992-04-18 07:22:45', 1);
INSERT INTO `friendship` (`user_id`, `friend_id`, `requested_at`, `confirmed_at`, `created_at`, `updated_at`, `request_type_id`) VALUES (92, 92, '1985-04-03 00:42:25', '1996-11-20 17:26:00', '2012-04-28 02:30:42', '2000-12-01 15:25:06', 2);
INSERT INTO `friendship` (`user_id`, `friend_id`, `requested_at`, `confirmed_at`, `created_at`, `updated_at`, `request_type_id`) VALUES (93, 93, '2018-02-07 00:40:57', '2007-06-16 19:11:52', '1996-09-07 01:56:32', '1977-03-21 04:08:09', 3);
INSERT INTO `friendship` (`user_id`, `friend_id`, `requested_at`, `confirmed_at`, `created_at`, `updated_at`, `request_type_id`) VALUES (94, 94, '2013-11-18 18:45:00', '1998-10-10 19:55:38', '2006-04-27 10:27:10', '1983-11-18 03:53:36', 1);
INSERT INTO `friendship` (`user_id`, `friend_id`, `requested_at`, `confirmed_at`, `created_at`, `updated_at`, `request_type_id`) VALUES (95, 95, '1973-04-30 12:45:59', '1993-08-03 09:38:20', '1972-04-09 01:56:44', '1982-01-31 00:39:40', 2);
INSERT INTO `friendship` (`user_id`, `friend_id`, `requested_at`, `confirmed_at`, `created_at`, `updated_at`, `request_type_id`) VALUES (96, 96, '1977-06-10 00:06:47', '2008-07-31 16:22:56', '1999-05-23 15:54:48', '1983-04-08 17:32:40', 3);
INSERT INTO `friendship` (`user_id`, `friend_id`, `requested_at`, `confirmed_at`, `created_at`, `updated_at`, `request_type_id`) VALUES (97, 97, '1973-06-09 07:26:40', '2007-08-01 22:03:19', '2009-01-07 20:23:53', '2020-11-16 14:42:10', 1);
INSERT INTO `friendship` (`user_id`, `friend_id`, `requested_at`, `confirmed_at`, `created_at`, `updated_at`, `request_type_id`) VALUES (98, 98, '2016-01-14 19:02:53', '1991-08-25 16:47:24', '1993-04-29 07:01:31', '1997-04-04 17:22:44', 2);
INSERT INTO `friendship` (`user_id`, `friend_id`, `requested_at`, `confirmed_at`, `created_at`, `updated_at`, `request_type_id`) VALUES (99, 99, '2015-11-13 08:12:53', '2015-12-25 11:21:28', '2017-09-27 14:06:16', '1993-12-29 03:05:06', 3);
INSERT INTO `friendship` (`user_id`, `friend_id`, `requested_at`, `confirmed_at`, `created_at`, `updated_at`, `request_type_id`) VALUES (100, 100, '2020-04-25 02:02:20', '2015-10-03 11:42:15', '1991-09-14 02:16:09', '1971-08-31 21:47:49', 1);

INSERT INTO `communities` (`id`, `name`, `created_at`, `updated_at`) VALUES (1, 'eos', '2020-05-18 04:24:21', '2020-11-22 09:51:12');
INSERT INTO `communities` (`id`, `name`, `created_at`, `updated_at`) VALUES (2, 'quia', '1984-03-21 07:31:55', '2004-10-08 10:07:38');
INSERT INTO `communities` (`id`, `name`, `created_at`, `updated_at`) VALUES (3, 'aut', '2015-07-23 03:42:42', '1974-02-15 06:52:14');
INSERT INTO `communities` (`id`, `name`, `created_at`, `updated_at`) VALUES (4, 'in', '2019-02-04 02:01:22', '2012-09-09 04:48:54');
INSERT INTO `communities` (`id`, `name`, `created_at`, `updated_at`) VALUES (5, 'officiis', '2010-09-13 00:20:28', '1986-12-29 00:48:51');
INSERT INTO `communities` (`id`, `name`, `created_at`, `updated_at`) VALUES (6, 'et', '2016-10-18 19:23:18', '2014-10-18 16:49:26');
INSERT INTO `communities` (`id`, `name`, `created_at`, `updated_at`) VALUES (7, 'labore', '2005-12-01 22:09:00', '1988-10-05 05:08:36');
INSERT INTO `communities` (`id`, `name`, `created_at`, `updated_at`) VALUES (8, 'ut', '1977-10-27 19:09:45', '1990-06-01 09:09:31');
INSERT INTO `communities` (`id`, `name`, `created_at`, `updated_at`) VALUES (9, 'adipisci', '2019-03-24 00:18:06', '1993-12-03 15:27:27');
INSERT INTO `communities` (`id`, `name`, `created_at`, `updated_at`) VALUES (10, 'sed', '1980-11-03 17:38:52', '1989-07-19 03:57:01');
INSERT INTO `communities` (`id`, `name`, `created_at`, `updated_at`) VALUES (11, 'asperiores', '1983-09-02 10:39:18', '2020-12-01 03:37:33');
INSERT INTO `communities` (`id`, `name`, `created_at`, `updated_at`) VALUES (12, 'rerum', '1998-10-08 00:56:13', '1991-03-24 05:57:24');
INSERT INTO `communities` (`id`, `name`, `created_at`, `updated_at`) VALUES (13, 'itaque', '1977-08-11 10:17:02', '2007-07-09 09:29:57');
INSERT INTO `communities` (`id`, `name`, `created_at`, `updated_at`) VALUES (14, 'perspiciatis', '2012-03-09 22:00:01', '1981-04-17 03:42:19');
INSERT INTO `communities` (`id`, `name`, `created_at`, `updated_at`) VALUES (15, 'doloremque', '1971-03-19 21:36:00', '1988-01-02 03:50:51');
INSERT INTO `communities` (`id`, `name`, `created_at`, `updated_at`) VALUES (16, 'modi', '1984-09-28 16:42:43', '1989-09-07 05:42:51');
INSERT INTO `communities` (`id`, `name`, `created_at`, `updated_at`) VALUES (17, 'illum', '1993-03-27 16:36:07', '1974-07-22 11:23:24');
INSERT INTO `communities` (`id`, `name`, `created_at`, `updated_at`) VALUES (18, 'minima', '1978-12-07 13:38:19', '2019-11-15 08:26:25');
INSERT INTO `communities` (`id`, `name`, `created_at`, `updated_at`) VALUES (19, 'natus', '2013-03-22 00:54:40', '2000-02-02 19:14:47');
INSERT INTO `communities` (`id`, `name`, `created_at`, `updated_at`) VALUES (20, 'enim', '1972-03-21 10:47:24', '1971-03-05 17:44:02');
INSERT INTO `communities` (`id`, `name`, `created_at`, `updated_at`) VALUES (21, 'voluptas', '1993-06-19 19:01:46', '2004-10-21 10:45:27');
INSERT INTO `communities` (`id`, `name`, `created_at`, `updated_at`) VALUES (22, 'vel', '2015-04-10 01:36:16', '2000-12-18 05:43:47');
INSERT INTO `communities` (`id`, `name`, `created_at`, `updated_at`) VALUES (23, 'laudantium', '1999-09-27 05:40:51', '2002-04-06 23:59:31');
INSERT INTO `communities` (`id`, `name`, `created_at`, `updated_at`) VALUES (24, 'fuga', '1972-04-25 22:51:05', '1973-03-10 12:48:51');
INSERT INTO `communities` (`id`, `name`, `created_at`, `updated_at`) VALUES (25, 'molestiae', '1988-10-30 21:42:41', '1981-11-17 13:45:53');
INSERT INTO `communities` (`id`, `name`, `created_at`, `updated_at`) VALUES (26, 'culpa', '1993-05-22 15:51:24', '2002-03-20 11:18:33');
INSERT INTO `communities` (`id`, `name`, `created_at`, `updated_at`) VALUES (27, 'commodi', '1979-11-22 20:21:34', '2012-07-08 22:07:08');
INSERT INTO `communities` (`id`, `name`, `created_at`, `updated_at`) VALUES (28, 'unde', '2002-12-04 06:30:30', '2017-05-26 02:44:36');
INSERT INTO `communities` (`id`, `name`, `created_at`, `updated_at`) VALUES (29, 'deleniti', '1992-03-08 02:35:45', '1986-02-05 00:34:57');
INSERT INTO `communities` (`id`, `name`, `created_at`, `updated_at`) VALUES (30, 'officia', '2016-04-21 02:49:03', '1981-07-22 20:27:01');
INSERT INTO `communities` (`id`, `name`, `created_at`, `updated_at`) VALUES (31, 'qui', '2019-02-19 14:25:16', '2019-07-02 17:33:33');
INSERT INTO `communities` (`id`, `name`, `created_at`, `updated_at`) VALUES (32, 'soluta', '2015-12-02 16:02:20', '2003-08-06 15:16:44');
INSERT INTO `communities` (`id`, `name`, `created_at`, `updated_at`) VALUES (33, 'omnis', '1998-10-13 06:31:27', '1985-01-21 02:50:42');
INSERT INTO `communities` (`id`, `name`, `created_at`, `updated_at`) VALUES (34, 'libero', '2010-01-18 13:33:01', '2009-07-16 11:58:41');
INSERT INTO `communities` (`id`, `name`, `created_at`, `updated_at`) VALUES (35, 'provident', '1970-07-18 12:42:23', '1997-07-28 21:58:52');
INSERT INTO `communities` (`id`, `name`, `created_at`, `updated_at`) VALUES (36, 'cum', '2000-06-06 06:09:59', '1972-01-13 06:32:51');
INSERT INTO `communities` (`id`, `name`, `created_at`, `updated_at`) VALUES (37, 'sunt', '2011-08-07 14:38:23', '1970-06-30 17:41:52');
INSERT INTO `communities` (`id`, `name`, `created_at`, `updated_at`) VALUES (38, 'dignissimos', '1985-04-06 15:45:05', '2021-07-09 18:35:16');
INSERT INTO `communities` (`id`, `name`, `created_at`, `updated_at`) VALUES (39, 'ex', '1999-03-18 02:27:08', '1991-06-12 08:30:17');
INSERT INTO `communities` (`id`, `name`, `created_at`, `updated_at`) VALUES (40, 'porro', '2001-04-30 10:34:51', '1990-07-06 05:26:31');
INSERT INTO `communities` (`id`, `name`, `created_at`, `updated_at`) VALUES (41, 'magnam', '2008-05-09 10:01:43', '1972-06-29 14:17:39');
INSERT INTO `communities` (`id`, `name`, `created_at`, `updated_at`) VALUES (42, 'neque', '1981-05-21 09:54:04', '2002-04-26 07:27:00');
INSERT INTO `communities` (`id`, `name`, `created_at`, `updated_at`) VALUES (43, 'quidem', '2001-07-22 08:04:06', '1993-12-30 01:35:45');
INSERT INTO `communities` (`id`, `name`, `created_at`, `updated_at`) VALUES (44, 'nulla', '2005-04-01 21:42:53', '2008-05-01 02:59:31');
INSERT INTO `communities` (`id`, `name`, `created_at`, `updated_at`) VALUES (45, 'id', '2010-06-15 21:00:58', '1985-07-26 06:10:06');
INSERT INTO `communities` (`id`, `name`, `created_at`, `updated_at`) VALUES (46, 'incidunt', '2013-06-14 15:39:23', '1984-09-12 07:57:01');
INSERT INTO `communities` (`id`, `name`, `created_at`, `updated_at`) VALUES (47, 'magni', '1997-01-09 16:39:08', '1980-08-03 12:14:37');
INSERT INTO `communities` (`id`, `name`, `created_at`, `updated_at`) VALUES (48, 'veniam', '1997-05-28 16:14:32', '2016-05-15 01:46:54');
INSERT INTO `communities` (`id`, `name`, `created_at`, `updated_at`) VALUES (49, 'vitae', '2007-10-17 07:43:25', '1988-06-26 15:08:17');
INSERT INTO `communities` (`id`, `name`, `created_at`, `updated_at`) VALUES (50, 'debitis', '2005-02-27 18:49:36', '1994-08-31 19:44:10');
INSERT INTO `communities` (`id`, `name`, `created_at`, `updated_at`) VALUES (51, 'hic', '2019-06-16 02:03:37', '1974-02-21 12:03:56');
INSERT INTO `communities` (`id`, `name`, `created_at`, `updated_at`) VALUES (52, 'ea', '1996-01-02 18:08:09', '2004-11-07 18:57:32');
INSERT INTO `communities` (`id`, `name`, `created_at`, `updated_at`) VALUES (53, 'voluptates', '1990-11-05 17:45:20', '1976-04-24 18:43:54');
INSERT INTO `communities` (`id`, `name`, `created_at`, `updated_at`) VALUES (54, 'occaecati', '1990-01-24 00:28:48', '1996-11-22 18:11:12');
INSERT INTO `communities` (`id`, `name`, `created_at`, `updated_at`) VALUES (55, 'nesciunt', '2008-05-08 23:21:45', '1999-08-22 01:12:46');
INSERT INTO `communities` (`id`, `name`, `created_at`, `updated_at`) VALUES (56, 'aperiam', '2012-11-02 13:08:05', '2001-01-03 14:36:27');
INSERT INTO `communities` (`id`, `name`, `created_at`, `updated_at`) VALUES (57, 'ad', '2015-01-30 00:30:34', '2002-08-18 03:26:21');
INSERT INTO `communities` (`id`, `name`, `created_at`, `updated_at`) VALUES (58, 'voluptatem', '1978-04-09 23:56:35', '1973-12-24 19:35:17');
INSERT INTO `communities` (`id`, `name`, `created_at`, `updated_at`) VALUES (59, 'quas', '2006-03-31 22:47:05', '2003-10-30 08:28:41');
INSERT INTO `communities` (`id`, `name`, `created_at`, `updated_at`) VALUES (60, 'dolores', '1995-10-14 08:27:11', '2019-11-15 07:57:39');
INSERT INTO `communities` (`id`, `name`, `created_at`, `updated_at`) VALUES (61, 'quae', '2009-06-19 09:06:02', '2011-06-22 17:30:18');
INSERT INTO `communities` (`id`, `name`, `created_at`, `updated_at`) VALUES (62, 'eaque', '2015-05-19 17:35:40', '1999-05-26 08:08:15');
INSERT INTO `communities` (`id`, `name`, `created_at`, `updated_at`) VALUES (63, 'quaerat', '2002-05-18 00:19:10', '1980-03-19 13:36:35');
INSERT INTO `communities` (`id`, `name`, `created_at`, `updated_at`) VALUES (64, 'quasi', '2021-01-09 20:06:26', '1976-05-02 00:20:54');
INSERT INTO `communities` (`id`, `name`, `created_at`, `updated_at`) VALUES (65, 'dolorum', '2002-10-19 03:47:24', '1972-08-25 15:58:48');
INSERT INTO `communities` (`id`, `name`, `created_at`, `updated_at`) VALUES (66, 'quo', '2010-08-10 08:56:59', '2019-07-07 10:56:29');
INSERT INTO `communities` (`id`, `name`, `created_at`, `updated_at`) VALUES (67, 'ratione', '1988-05-18 01:48:52', '1999-04-25 15:25:13');
INSERT INTO `communities` (`id`, `name`, `created_at`, `updated_at`) VALUES (68, 'animi', '1989-06-15 04:53:51', '1995-06-05 23:53:23');
INSERT INTO `communities` (`id`, `name`, `created_at`, `updated_at`) VALUES (69, 'voluptate', '2002-12-10 11:00:11', '2020-02-08 04:36:33');
INSERT INTO `communities` (`id`, `name`, `created_at`, `updated_at`) VALUES (70, 'possimus', '1986-02-04 01:54:28', '1993-10-27 21:25:59');
INSERT INTO `communities` (`id`, `name`, `created_at`, `updated_at`) VALUES (71, 'consequatur', '2007-10-25 12:48:46', '2017-04-22 00:45:38');
INSERT INTO `communities` (`id`, `name`, `created_at`, `updated_at`) VALUES (72, 'dicta', '1972-11-08 15:24:37', '1978-10-29 05:40:06');
INSERT INTO `communities` (`id`, `name`, `created_at`, `updated_at`) VALUES (73, 'eum', '1970-09-15 12:54:57', '1976-11-13 05:48:59');
INSERT INTO `communities` (`id`, `name`, `created_at`, `updated_at`) VALUES (74, 'ducimus', '2000-04-22 06:30:55', '1979-01-13 14:23:08');
INSERT INTO `communities` (`id`, `name`, `created_at`, `updated_at`) VALUES (75, 'numquam', '2020-09-06 21:23:33', '2014-01-16 13:05:02');
INSERT INTO `communities` (`id`, `name`, `created_at`, `updated_at`) VALUES (76, 'earum', '2000-10-18 01:59:12', '2008-01-31 09:52:51');
INSERT INTO `communities` (`id`, `name`, `created_at`, `updated_at`) VALUES (77, 'non', '2006-10-25 09:43:56', '1998-06-07 02:54:09');
INSERT INTO `communities` (`id`, `name`, `created_at`, `updated_at`) VALUES (78, 'impedit', '1991-12-04 16:08:21', '1994-03-09 13:03:09');
INSERT INTO `communities` (`id`, `name`, `created_at`, `updated_at`) VALUES (79, 'iure', '1974-08-21 14:14:46', '2017-07-07 18:40:31');
INSERT INTO `communities` (`id`, `name`, `created_at`, `updated_at`) VALUES (80, 'rem', '1977-08-19 07:29:58', '2004-05-02 13:52:50');
INSERT INTO `communities` (`id`, `name`, `created_at`, `updated_at`) VALUES (81, 'dolor', '2020-06-22 08:30:35', '1974-05-23 16:56:18');
INSERT INTO `communities` (`id`, `name`, `created_at`, `updated_at`) VALUES (82, 'nihil', '1972-05-11 02:49:09', '1998-07-23 23:16:24');
INSERT INTO `communities` (`id`, `name`, `created_at`, `updated_at`) VALUES (83, 'nobis', '1994-01-19 03:51:20', '1972-12-19 10:49:24');
INSERT INTO `communities` (`id`, `name`, `created_at`, `updated_at`) VALUES (84, 'reprehenderit', '2020-09-10 04:36:24', '1994-06-02 19:52:34');
INSERT INTO `communities` (`id`, `name`, `created_at`, `updated_at`) VALUES (85, 'sit', '1972-11-05 20:31:40', '1992-06-24 00:04:57');
INSERT INTO `communities` (`id`, `name`, `created_at`, `updated_at`) VALUES (86, 'pariatur', '2020-09-20 23:39:56', '1974-04-26 10:09:58');
INSERT INTO `communities` (`id`, `name`, `created_at`, `updated_at`) VALUES (87, 'repellat', '1987-01-06 20:38:01', '1974-08-30 19:54:31');
INSERT INTO `communities` (`id`, `name`, `created_at`, `updated_at`) VALUES (88, 'quod', '2006-11-09 07:55:47', '1991-07-19 06:07:02');
INSERT INTO `communities` (`id`, `name`, `created_at`, `updated_at`) VALUES (89, 'recusandae', '1985-07-07 23:43:57', '1997-09-26 23:47:12');
INSERT INTO `communities` (`id`, `name`, `created_at`, `updated_at`) VALUES (90, 'nemo', '1973-12-10 21:37:33', '1981-04-12 17:31:27');
INSERT INTO `communities` (`id`, `name`, `created_at`, `updated_at`) VALUES (91, 'exercitationem', '2004-04-19 18:26:22', '2007-05-30 02:34:29');
INSERT INTO `communities` (`id`, `name`, `created_at`, `updated_at`) VALUES (92, 'inventore', '1992-12-09 02:39:30', '1986-12-05 15:23:42');
INSERT INTO `communities` (`id`, `name`, `created_at`, `updated_at`) VALUES (93, 'suscipit', '2012-09-25 22:09:42', '2015-09-28 02:50:21');
INSERT INTO `communities` (`id`, `name`, `created_at`, `updated_at`) VALUES (94, 'aliquam', '1980-03-06 12:55:34', '2013-10-08 05:16:59');
INSERT INTO `communities` (`id`, `name`, `created_at`, `updated_at`) VALUES (95, 'placeat', '2014-09-24 19:55:44', '1990-02-25 14:40:10');
INSERT INTO `communities` (`id`, `name`, `created_at`, `updated_at`) VALUES (96, 'praesentium', '1994-06-18 17:36:55', '1975-02-03 16:50:29');
INSERT INTO `communities` (`id`, `name`, `created_at`, `updated_at`) VALUES (97, 'error', '2012-10-24 20:09:33', '2019-01-12 17:46:50');
INSERT INTO `communities` (`id`, `name`, `created_at`, `updated_at`) VALUES (98, 'illo', '1986-02-10 09:57:41', '2006-10-07 13:27:42');
INSERT INTO `communities` (`id`, `name`, `created_at`, `updated_at`) VALUES (99, 'est', '2015-03-17 19:13:10', '1979-01-10 13:24:14');
INSERT INTO `communities` (`id`, `name`, `created_at`, `updated_at`) VALUES (100, 'fugiat', '1971-09-21 16:57:21', '1985-06-20 08:26:14');


INSERT INTO `communities_users` (`community_id`, `user_id`, `created_at`) VALUES (1, 1, '1977-10-31 13:45:28');
INSERT INTO `communities_users` (`community_id`, `user_id`, `created_at`) VALUES (2, 2, '1979-09-07 09:38:29');
INSERT INTO `communities_users` (`community_id`, `user_id`, `created_at`) VALUES (3, 3, '1980-05-06 07:06:29');
INSERT INTO `communities_users` (`community_id`, `user_id`, `created_at`) VALUES (4, 4, '1996-02-29 15:19:21');
INSERT INTO `communities_users` (`community_id`, `user_id`, `created_at`) VALUES (5, 5, '2000-12-17 23:55:25');
INSERT INTO `communities_users` (`community_id`, `user_id`, `created_at`) VALUES (6, 6, '2009-04-10 07:02:20');
INSERT INTO `communities_users` (`community_id`, `user_id`, `created_at`) VALUES (7, 7, '2012-04-04 19:56:07');
INSERT INTO `communities_users` (`community_id`, `user_id`, `created_at`) VALUES (8, 8, '1993-12-13 17:52:08');
INSERT INTO `communities_users` (`community_id`, `user_id`, `created_at`) VALUES (9, 9, '1980-07-02 20:14:45');
INSERT INTO `communities_users` (`community_id`, `user_id`, `created_at`) VALUES (10, 10, '2009-12-25 02:04:09');
INSERT INTO `communities_users` (`community_id`, `user_id`, `created_at`) VALUES (11, 11, '1977-11-14 12:12:28');
INSERT INTO `communities_users` (`community_id`, `user_id`, `created_at`) VALUES (12, 12, '1984-09-15 06:45:02');
INSERT INTO `communities_users` (`community_id`, `user_id`, `created_at`) VALUES (13, 13, '1982-12-02 13:57:29');
INSERT INTO `communities_users` (`community_id`, `user_id`, `created_at`) VALUES (14, 14, '2004-07-07 23:23:08');
INSERT INTO `communities_users` (`community_id`, `user_id`, `created_at`) VALUES (15, 15, '1983-12-21 03:25:37');
INSERT INTO `communities_users` (`community_id`, `user_id`, `created_at`) VALUES (16, 16, '1970-02-21 17:55:48');
INSERT INTO `communities_users` (`community_id`, `user_id`, `created_at`) VALUES (17, 17, '1995-10-15 10:58:52');
INSERT INTO `communities_users` (`community_id`, `user_id`, `created_at`) VALUES (18, 18, '2016-12-11 04:33:55');
INSERT INTO `communities_users` (`community_id`, `user_id`, `created_at`) VALUES (19, 19, '2010-12-28 03:31:00');
INSERT INTO `communities_users` (`community_id`, `user_id`, `created_at`) VALUES (20, 20, '2015-10-19 20:59:21');
INSERT INTO `communities_users` (`community_id`, `user_id`, `created_at`) VALUES (21, 21, '1972-07-01 00:42:52');
INSERT INTO `communities_users` (`community_id`, `user_id`, `created_at`) VALUES (22, 22, '1988-02-08 06:00:22');
INSERT INTO `communities_users` (`community_id`, `user_id`, `created_at`) VALUES (23, 23, '1985-11-09 20:11:32');
INSERT INTO `communities_users` (`community_id`, `user_id`, `created_at`) VALUES (24, 24, '2010-09-02 20:04:48');
INSERT INTO `communities_users` (`community_id`, `user_id`, `created_at`) VALUES (25, 25, '1992-11-22 23:53:44');
INSERT INTO `communities_users` (`community_id`, `user_id`, `created_at`) VALUES (26, 26, '2008-05-01 14:34:08');
INSERT INTO `communities_users` (`community_id`, `user_id`, `created_at`) VALUES (27, 27, '2010-05-17 10:56:47');
INSERT INTO `communities_users` (`community_id`, `user_id`, `created_at`) VALUES (28, 28, '2006-10-12 08:30:36');
INSERT INTO `communities_users` (`community_id`, `user_id`, `created_at`) VALUES (29, 29, '1990-04-19 23:49:27');
INSERT INTO `communities_users` (`community_id`, `user_id`, `created_at`) VALUES (30, 30, '2001-10-18 19:44:20');
INSERT INTO `communities_users` (`community_id`, `user_id`, `created_at`) VALUES (31, 31, '1970-12-26 19:28:37');
INSERT INTO `communities_users` (`community_id`, `user_id`, `created_at`) VALUES (32, 32, '2001-05-30 16:51:02');
INSERT INTO `communities_users` (`community_id`, `user_id`, `created_at`) VALUES (33, 33, '2012-09-02 06:08:09');
INSERT INTO `communities_users` (`community_id`, `user_id`, `created_at`) VALUES (34, 34, '2010-01-17 18:41:45');
INSERT INTO `communities_users` (`community_id`, `user_id`, `created_at`) VALUES (35, 35, '2002-04-20 18:01:43');
INSERT INTO `communities_users` (`community_id`, `user_id`, `created_at`) VALUES (36, 36, '1974-08-01 16:36:49');
INSERT INTO `communities_users` (`community_id`, `user_id`, `created_at`) VALUES (37, 37, '1971-10-06 02:05:06');
INSERT INTO `communities_users` (`community_id`, `user_id`, `created_at`) VALUES (38, 38, '1996-12-31 05:53:30');
INSERT INTO `communities_users` (`community_id`, `user_id`, `created_at`) VALUES (39, 39, '2010-05-22 02:16:46');
INSERT INTO `communities_users` (`community_id`, `user_id`, `created_at`) VALUES (40, 40, '1984-11-21 02:57:26');
INSERT INTO `communities_users` (`community_id`, `user_id`, `created_at`) VALUES (41, 41, '1988-05-22 17:46:49');
INSERT INTO `communities_users` (`community_id`, `user_id`, `created_at`) VALUES (42, 42, '1976-10-09 09:05:41');
INSERT INTO `communities_users` (`community_id`, `user_id`, `created_at`) VALUES (43, 43, '1978-01-19 09:45:41');
INSERT INTO `communities_users` (`community_id`, `user_id`, `created_at`) VALUES (44, 44, '1995-12-02 03:29:27');
INSERT INTO `communities_users` (`community_id`, `user_id`, `created_at`) VALUES (45, 45, '1980-12-13 22:03:32');
INSERT INTO `communities_users` (`community_id`, `user_id`, `created_at`) VALUES (46, 46, '2001-02-13 05:20:42');
INSERT INTO `communities_users` (`community_id`, `user_id`, `created_at`) VALUES (47, 47, '1979-05-29 16:25:12');
INSERT INTO `communities_users` (`community_id`, `user_id`, `created_at`) VALUES (48, 48, '1995-12-05 00:52:52');
INSERT INTO `communities_users` (`community_id`, `user_id`, `created_at`) VALUES (49, 49, '1999-09-18 05:49:57');
INSERT INTO `communities_users` (`community_id`, `user_id`, `created_at`) VALUES (50, 50, '1988-11-10 04:50:01');
INSERT INTO `communities_users` (`community_id`, `user_id`, `created_at`) VALUES (51, 51, '2012-08-31 06:25:01');
INSERT INTO `communities_users` (`community_id`, `user_id`, `created_at`) VALUES (52, 52, '1972-03-08 13:41:21');
INSERT INTO `communities_users` (`community_id`, `user_id`, `created_at`) VALUES (53, 53, '1997-10-20 20:41:10');
INSERT INTO `communities_users` (`community_id`, `user_id`, `created_at`) VALUES (54, 54, '1970-03-10 04:12:02');
INSERT INTO `communities_users` (`community_id`, `user_id`, `created_at`) VALUES (55, 55, '1985-07-30 15:31:40');
INSERT INTO `communities_users` (`community_id`, `user_id`, `created_at`) VALUES (56, 56, '1972-10-28 10:38:20');
INSERT INTO `communities_users` (`community_id`, `user_id`, `created_at`) VALUES (57, 57, '2017-08-01 04:39:24');
INSERT INTO `communities_users` (`community_id`, `user_id`, `created_at`) VALUES (58, 58, '1992-05-13 15:08:58');
INSERT INTO `communities_users` (`community_id`, `user_id`, `created_at`) VALUES (59, 59, '1982-04-20 14:14:43');
INSERT INTO `communities_users` (`community_id`, `user_id`, `created_at`) VALUES (60, 60, '2014-03-13 21:57:19');
INSERT INTO `communities_users` (`community_id`, `user_id`, `created_at`) VALUES (61, 61, '2004-12-30 06:06:47');
INSERT INTO `communities_users` (`community_id`, `user_id`, `created_at`) VALUES (62, 62, '2008-07-30 18:59:22');
INSERT INTO `communities_users` (`community_id`, `user_id`, `created_at`) VALUES (63, 63, '1998-06-30 20:18:29');
INSERT INTO `communities_users` (`community_id`, `user_id`, `created_at`) VALUES (64, 64, '1980-08-19 01:00:22');
INSERT INTO `communities_users` (`community_id`, `user_id`, `created_at`) VALUES (65, 65, '2008-07-09 22:19:21');
INSERT INTO `communities_users` (`community_id`, `user_id`, `created_at`) VALUES (66, 66, '2001-04-18 04:56:21');
INSERT INTO `communities_users` (`community_id`, `user_id`, `created_at`) VALUES (67, 67, '2015-02-16 06:17:58');
INSERT INTO `communities_users` (`community_id`, `user_id`, `created_at`) VALUES (68, 68, '2014-07-11 04:18:37');
INSERT INTO `communities_users` (`community_id`, `user_id`, `created_at`) VALUES (69, 69, '1993-08-09 02:28:53');
INSERT INTO `communities_users` (`community_id`, `user_id`, `created_at`) VALUES (70, 70, '1980-11-04 09:14:00');
INSERT INTO `communities_users` (`community_id`, `user_id`, `created_at`) VALUES (71, 71, '1974-06-10 02:50:27');
INSERT INTO `communities_users` (`community_id`, `user_id`, `created_at`) VALUES (72, 72, '1979-10-12 03:00:45');
INSERT INTO `communities_users` (`community_id`, `user_id`, `created_at`) VALUES (73, 73, '1997-03-06 14:02:22');
INSERT INTO `communities_users` (`community_id`, `user_id`, `created_at`) VALUES (74, 74, '2008-11-18 08:42:02');
INSERT INTO `communities_users` (`community_id`, `user_id`, `created_at`) VALUES (75, 75, '1979-08-02 17:28:04');
INSERT INTO `communities_users` (`community_id`, `user_id`, `created_at`) VALUES (76, 76, '2014-10-26 05:40:01');
INSERT INTO `communities_users` (`community_id`, `user_id`, `created_at`) VALUES (77, 77, '2018-01-21 10:37:39');
INSERT INTO `communities_users` (`community_id`, `user_id`, `created_at`) VALUES (78, 78, '1971-06-02 13:26:59');
INSERT INTO `communities_users` (`community_id`, `user_id`, `created_at`) VALUES (79, 79, '1970-10-25 23:18:22');
INSERT INTO `communities_users` (`community_id`, `user_id`, `created_at`) VALUES (80, 80, '2000-10-30 19:13:16');
INSERT INTO `communities_users` (`community_id`, `user_id`, `created_at`) VALUES (81, 81, '2008-08-27 09:42:40');
INSERT INTO `communities_users` (`community_id`, `user_id`, `created_at`) VALUES (82, 82, '1971-12-04 08:39:17');
INSERT INTO `communities_users` (`community_id`, `user_id`, `created_at`) VALUES (83, 83, '1976-08-24 08:22:33');
INSERT INTO `communities_users` (`community_id`, `user_id`, `created_at`) VALUES (84, 84, '1981-09-30 10:31:20');
INSERT INTO `communities_users` (`community_id`, `user_id`, `created_at`) VALUES (85, 85, '2021-02-28 16:32:12');
INSERT INTO `communities_users` (`community_id`, `user_id`, `created_at`) VALUES (86, 86, '2014-01-05 14:39:35');
INSERT INTO `communities_users` (`community_id`, `user_id`, `created_at`) VALUES (87, 87, '2000-01-19 00:56:17');
INSERT INTO `communities_users` (`community_id`, `user_id`, `created_at`) VALUES (88, 88, '2021-03-07 03:30:45');
INSERT INTO `communities_users` (`community_id`, `user_id`, `created_at`) VALUES (89, 89, '2007-07-02 11:52:48');
INSERT INTO `communities_users` (`community_id`, `user_id`, `created_at`) VALUES (90, 90, '2011-12-31 06:38:36');
INSERT INTO `communities_users` (`community_id`, `user_id`, `created_at`) VALUES (91, 91, '2021-08-31 06:21:02');
INSERT INTO `communities_users` (`community_id`, `user_id`, `created_at`) VALUES (92, 92, '2012-01-14 06:32:03');
INSERT INTO `communities_users` (`community_id`, `user_id`, `created_at`) VALUES (93, 93, '1989-02-27 20:54:43');
INSERT INTO `communities_users` (`community_id`, `user_id`, `created_at`) VALUES (94, 94, '1970-01-10 05:47:46');
INSERT INTO `communities_users` (`community_id`, `user_id`, `created_at`) VALUES (95, 95, '1979-08-20 21:51:10');
INSERT INTO `communities_users` (`community_id`, `user_id`, `created_at`) VALUES (96, 96, '1990-12-16 00:55:29');
INSERT INTO `communities_users` (`community_id`, `user_id`, `created_at`) VALUES (97, 97, '1974-01-18 14:17:14');
INSERT INTO `communities_users` (`community_id`, `user_id`, `created_at`) VALUES (98, 98, '1973-12-12 01:43:58');
INSERT INTO `communities_users` (`community_id`, `user_id`, `created_at`) VALUES (99, 99, '1986-05-19 20:50:51');
INSERT INTO `communities_users` (`community_id`, `user_id`, `created_at`) VALUES (100, 100, '1992-10-19 12:43:32');


INSERT INTO `post` (`id`, `user_id`, `body`, `created_at`, `updated_at`) VALUES (1, 1, 'Suscipit tempora autem molestiae quia ullam. Placeat ab dolorem amet ipsam optio. Beatae voluptas provident dolor iste reiciendis. Et veritatis et dolore eveniet.', '2014-07-23 20:01:54', '2015-06-22 13:11:38');
INSERT INTO `post` (`id`, `user_id`, `body`, `created_at`, `updated_at`) VALUES (2, 2, 'Pariatur eos deleniti quos et quidem quaerat voluptas. Omnis rerum tenetur qui ea. Vitae saepe commodi qui vitae. Amet recusandae aspernatur iusto sint aut.', '1997-05-19 17:36:30', '1981-12-05 12:42:22');
INSERT INTO `post` (`id`, `user_id`, `body`, `created_at`, `updated_at`) VALUES (3, 3, 'Quisquam eum dolor voluptatem voluptatem nostrum magni odit. Consequatur est doloremque qui libero laboriosam hic sequi sit. Magni adipisci hic culpa repellat dignissimos. Asperiores vel minus et.', '1972-03-31 19:34:39', '2010-07-09 17:30:51');
INSERT INTO `post` (`id`, `user_id`, `body`, `created_at`, `updated_at`) VALUES (4, 4, 'Et est hic sit consequatur natus atque deleniti. Rerum magnam commodi sit in dolorum repudiandae. Assumenda id quia ratione eaque dolorum sed. Dolorem eligendi fuga amet officia aut necessitatibus vel.', '2002-11-05 20:18:38', '2014-02-21 20:35:38');
INSERT INTO `post` (`id`, `user_id`, `body`, `created_at`, `updated_at`) VALUES (5, 5, 'Veritatis voluptatem placeat cumque. Doloribus saepe perspiciatis rerum omnis. Velit voluptas tempore praesentium.', '2016-10-18 00:12:15', '2011-06-25 07:36:20');
INSERT INTO `post` (`id`, `user_id`, `body`, `created_at`, `updated_at`) VALUES (6, 6, 'Voluptas assumenda praesentium quos molestiae harum iste et excepturi. Inventore iure occaecati est. Quisquam beatae suscipit fugiat deserunt in praesentium voluptates. Beatae consequuntur quasi beatae autem ipsam nam.', '2002-07-08 01:18:54', '1988-11-01 01:39:57');
INSERT INTO `post` (`id`, `user_id`, `body`, `created_at`, `updated_at`) VALUES (7, 7, 'Dolorem reprehenderit dignissimos odio quo magni tenetur quos. Amet recusandae officia et voluptate. Quae rerum aperiam fugiat nisi vero. Molestiae id ut vero voluptatum.', '2007-08-23 00:11:45', '1989-01-01 08:26:36');
INSERT INTO `post` (`id`, `user_id`, `body`, `created_at`, `updated_at`) VALUES (8, 8, 'Quam est cupiditate dolor qui ducimus a. Dolore repudiandae ut distinctio consequatur perspiciatis consequuntur.', '2000-04-20 18:07:06', '2021-04-18 01:23:38');
INSERT INTO `post` (`id`, `user_id`, `body`, `created_at`, `updated_at`) VALUES (9, 9, 'Eos molestiae nesciunt non minima. Magnam blanditiis non autem vitae ullam omnis expedita. Explicabo distinctio dolorem est architecto.', '2016-09-11 14:14:45', '2001-06-27 04:48:12');
INSERT INTO `post` (`id`, `user_id`, `body`, `created_at`, `updated_at`) VALUES (10, 10, 'Fuga praesentium sint facilis vero est sed laudantium reiciendis. Sint omnis rem repudiandae est distinctio beatae similique. Sunt est nihil totam veritatis maiores est aut.', '2016-08-06 18:27:06', '2016-11-13 16:02:52');
INSERT INTO `post` (`id`, `user_id`, `body`, `created_at`, `updated_at`) VALUES (11, 11, 'Aut doloribus veritatis aut et. Aut autem distinctio rerum ducimus molestias quasi libero. Omnis quibusdam incidunt dolorem illo.', '2005-06-20 07:25:28', '1997-08-15 05:50:50');
INSERT INTO `post` (`id`, `user_id`, `body`, `created_at`, `updated_at`) VALUES (12, 12, 'Ut ipsam sequi neque recusandae sed. Deserunt ad autem ut error corporis. Voluptatibus consequatur et possimus soluta et ut autem.', '1986-05-04 07:19:43', '2017-12-18 12:41:46');
INSERT INTO `post` (`id`, `user_id`, `body`, `created_at`, `updated_at`) VALUES (13, 13, 'Tempora eaque aspernatur dolorem inventore est reprehenderit explicabo et. Facilis illum magni magni voluptatibus fugiat veniam quaerat. Quis provident vitae earum magni similique cupiditate.', '2018-10-26 01:05:05', '1976-08-30 14:22:40');
INSERT INTO `post` (`id`, `user_id`, `body`, `created_at`, `updated_at`) VALUES (14, 14, 'Dolorum consequatur nobis sint sed aut quia. Explicabo quisquam assumenda quis commodi maiores ab nemo. Cupiditate at cupiditate quibusdam. Ipsum deleniti et quo doloribus consequatur quam tempora.', '1982-02-23 14:47:26', '2000-01-24 20:20:32');
INSERT INTO `post` (`id`, `user_id`, `body`, `created_at`, `updated_at`) VALUES (15, 15, 'Quidem quidem officiis est aut totam qui. Ex expedita voluptate maiores et odio esse maiores. Repellat officia tempore at beatae non corporis. Accusantium illo illum placeat omnis quasi dolorem.', '2009-07-19 01:09:04', '1983-12-16 21:54:53');
INSERT INTO `post` (`id`, `user_id`, `body`, `created_at`, `updated_at`) VALUES (16, 16, 'Itaque ullam aut molestiae officia exercitationem rem velit architecto. Doloribus nam et molestias error blanditiis quasi. Maxime est earum enim. Sunt libero vel autem autem alias a atque.', '2001-11-10 00:13:39', '2004-05-19 13:04:51');
INSERT INTO `post` (`id`, `user_id`, `body`, `created_at`, `updated_at`) VALUES (17, 17, 'Rem quia unde velit debitis sapiente explicabo est nihil. Quia dolorem dolores reiciendis vel quo. Soluta dolorum alias voluptas qui et harum earum exercitationem. Aut aut dolores et dolores totam.', '2019-04-05 14:06:24', '1988-08-29 10:15:31');
INSERT INTO `post` (`id`, `user_id`, `body`, `created_at`, `updated_at`) VALUES (18, 18, 'Impedit nam rerum est odio qui ut voluptatem. Magni in id inventore amet quae accusamus. Esse quae doloremque dolor magni quasi.', '2018-12-31 19:27:58', '1974-09-17 08:10:39');
INSERT INTO `post` (`id`, `user_id`, `body`, `created_at`, `updated_at`) VALUES (19, 19, 'Officia impedit vel iure ut velit. Expedita aut in qui voluptatem. Sapiente consequatur officia a dolorem ad velit est ut.', '1995-03-08 03:38:23', '1996-07-16 12:25:56');
INSERT INTO `post` (`id`, `user_id`, `body`, `created_at`, `updated_at`) VALUES (20, 20, 'Est atque consequatur ea. Modi quo et qui. Molestias nobis sed asperiores fugit voluptas facere.', '2008-05-20 00:58:24', '1978-06-09 16:22:13');
INSERT INTO `post` (`id`, `user_id`, `body`, `created_at`, `updated_at`) VALUES (21, 21, 'Est in eaque aliquam tempora. Omnis et perspiciatis enim dolores. Dolor minima distinctio ut quam nihil neque nisi.', '2017-04-11 04:35:09', '1986-02-12 13:41:18');
INSERT INTO `post` (`id`, `user_id`, `body`, `created_at`, `updated_at`) VALUES (22, 22, 'Non tenetur sunt est rerum. Eum quos ut aspernatur ullam non. Sit quidem sunt et occaecati.', '2017-01-26 07:37:47', '1995-02-28 16:53:16');
INSERT INTO `post` (`id`, `user_id`, `body`, `created_at`, `updated_at`) VALUES (23, 23, 'Eveniet dignissimos est veniam laudantium. Soluta est ab officia tenetur. Accusamus incidunt est ut sed beatae labore ut.', '2005-02-10 19:11:29', '1972-07-22 10:58:19');
INSERT INTO `post` (`id`, `user_id`, `body`, `created_at`, `updated_at`) VALUES (24, 24, 'Voluptatem voluptates porro expedita et veritatis. Sit deserunt deserunt qui velit amet cupiditate adipisci. Ipsa asperiores quo incidunt rerum esse aliquam unde.', '1985-01-23 07:14:05', '1972-06-17 06:16:54');
INSERT INTO `post` (`id`, `user_id`, `body`, `created_at`, `updated_at`) VALUES (25, 25, 'Quasi ex sapiente aut consequuntur minima sint et. Numquam fugit reprehenderit esse eaque aut. Ea tempora perspiciatis cum error.', '2006-12-09 11:14:31', '2008-09-07 09:53:13');
INSERT INTO `post` (`id`, `user_id`, `body`, `created_at`, `updated_at`) VALUES (26, 26, 'Libero placeat nihil magni numquam dolor praesentium. Iste doloribus omnis aut atque. Aspernatur omnis veniam odit laborum eveniet ut molestiae sint.', '2015-12-10 19:29:56', '1988-07-20 21:19:34');
INSERT INTO `post` (`id`, `user_id`, `body`, `created_at`, `updated_at`) VALUES (27, 27, 'Eos distinctio non similique. Dolores suscipit aut eaque dolorem omnis. Qui necessitatibus voluptatum voluptatibus ea. Veritatis quasi voluptas repellat.', '1986-10-10 16:57:42', '1988-06-09 06:41:28');
INSERT INTO `post` (`id`, `user_id`, `body`, `created_at`, `updated_at`) VALUES (28, 28, 'Aliquam deleniti facere hic explicabo atque. Voluptatem voluptas magnam voluptas cum. Qui asperiores consequatur in qui velit eum.', '1974-02-14 22:31:57', '2013-02-25 21:28:41');
INSERT INTO `post` (`id`, `user_id`, `body`, `created_at`, `updated_at`) VALUES (29, 29, 'A officia non delectus harum. Nihil et ipsum itaque quia a. Amet eos dolor animi doloribus quas.', '1992-07-22 00:14:15', '2004-04-06 18:13:10');
INSERT INTO `post` (`id`, `user_id`, `body`, `created_at`, `updated_at`) VALUES (30, 30, 'Possimus et quod veniam inventore. Rem suscipit recusandae aliquam molestiae esse est qui. Inventore veritatis dolor ullam sint quisquam ut nam odit. Harum ut at qui.', '1977-09-20 00:34:04', '1996-04-29 19:01:47');
INSERT INTO `post` (`id`, `user_id`, `body`, `created_at`, `updated_at`) VALUES (31, 31, 'Quo et unde quia architecto. Ad nulla sapiente sint doloremque non soluta iusto. Vero consequatur asperiores aspernatur tempora. Reiciendis ut sunt repellendus ut nobis.', '1992-05-07 11:06:43', '1995-03-08 08:34:38');
INSERT INTO `post` (`id`, `user_id`, `body`, `created_at`, `updated_at`) VALUES (32, 32, 'Facere laboriosam id omnis natus placeat velit ipsam. Facere culpa culpa nostrum tenetur eaque libero. Repellat qui consequatur corporis quaerat. Vitae dolorum laboriosam cupiditate.', '2001-11-05 13:54:18', '1972-12-02 02:34:46');
INSERT INTO `post` (`id`, `user_id`, `body`, `created_at`, `updated_at`) VALUES (33, 33, 'Odit et aliquam magni odio consequatur. Eum voluptatibus quisquam hic enim beatae. Aperiam ea quis consequatur et labore. Minus soluta et similique et dolores ab.', '1986-10-13 00:56:22', '1999-11-27 21:27:03');
INSERT INTO `post` (`id`, `user_id`, `body`, `created_at`, `updated_at`) VALUES (34, 34, 'Repellendus quam voluptas est aut recusandae placeat occaecati. Expedita sed qui est quo. Molestiae occaecati est tempore alias voluptatem sint aut. Consectetur non atque et. Est totam ipsum eum aliquam expedita molestiae.', '2016-07-11 10:19:05', '1996-03-27 07:17:52');
INSERT INTO `post` (`id`, `user_id`, `body`, `created_at`, `updated_at`) VALUES (35, 35, 'Sint mollitia sit maiores est atque ab. Est ea vel a esse libero mollitia qui. Error quod quasi reiciendis aut.', '2008-12-24 08:18:24', '2010-05-03 10:35:14');
INSERT INTO `post` (`id`, `user_id`, `body`, `created_at`, `updated_at`) VALUES (36, 36, 'Quasi autem eos et rerum id. Reiciendis eveniet dolor commodi qui delectus distinctio dignissimos velit. Deleniti sed vero aut eos.', '1997-04-26 22:27:52', '1996-08-01 06:10:03');
INSERT INTO `post` (`id`, `user_id`, `body`, `created_at`, `updated_at`) VALUES (37, 37, 'Sint doloremque ut iusto voluptas voluptas. Autem velit magni sit cupiditate et. Quidem quisquam sed atque dolorem ea. Dolores sunt blanditiis repellendus dolor et fugit saepe ea.', '2011-09-14 11:58:53', '2006-05-13 16:51:43');
INSERT INTO `post` (`id`, `user_id`, `body`, `created_at`, `updated_at`) VALUES (38, 38, 'Occaecati a itaque aut ipsa minima dolor et omnis. Aliquid culpa assumenda unde voluptas facilis consequuntur saepe. Blanditiis expedita at quae non aut quis.', '2005-01-03 16:06:31', '2014-07-18 18:05:43');
INSERT INTO `post` (`id`, `user_id`, `body`, `created_at`, `updated_at`) VALUES (39, 39, 'Totam hic odit assumenda dolorum. Quo asperiores harum consectetur rerum voluptatem. Iste aut nihil expedita qui ut ut suscipit. Soluta dolores maiores quibusdam ipsam.', '1995-09-27 17:00:29', '1985-03-19 22:18:31');
INSERT INTO `post` (`id`, `user_id`, `body`, `created_at`, `updated_at`) VALUES (40, 40, 'Officia aut possimus quod est architecto laboriosam doloremque. Non ex ut error sed. Magni quia aut voluptas explicabo deserunt consequatur nisi.', '1985-11-21 12:17:31', '2018-02-08 22:12:44');
INSERT INTO `post` (`id`, `user_id`, `body`, `created_at`, `updated_at`) VALUES (41, 41, 'Ex eligendi deleniti minima quam iure assumenda consectetur. Optio voluptas molestiae dolore et numquam. Natus dolorem sint odio facere est minima molestiae.', '1982-06-29 06:27:37', '2021-08-14 17:52:06');
INSERT INTO `post` (`id`, `user_id`, `body`, `created_at`, `updated_at`) VALUES (42, 42, 'Quia aliquam repudiandae distinctio nulla quas. Animi quia ratione impedit culpa repellat. Error quas omnis ut accusamus quo et sequi. Ut repudiandae qui quos occaecati ea.', '1974-08-04 19:21:14', '2012-07-12 20:28:37');
INSERT INTO `post` (`id`, `user_id`, `body`, `created_at`, `updated_at`) VALUES (43, 43, 'Veritatis ipsum voluptas voluptatem natus. Reprehenderit impedit perferendis doloribus ipsa quod. Qui vel omnis eveniet magnam quia iste. Deleniti est molestiae delectus qui mollitia perspiciatis quos.', '2005-12-21 16:13:06', '2013-11-30 15:38:58');
INSERT INTO `post` (`id`, `user_id`, `body`, `created_at`, `updated_at`) VALUES (44, 44, 'Voluptas et eaque distinctio aliquid natus quam illo. Eum ut eveniet adipisci quis dolorem illum. Fugit esse illum dignissimos quae ducimus repellendus repellat et. Eum accusamus qui eum sed molestias autem omnis.', '1976-12-21 04:42:45', '1970-06-29 17:18:15');
INSERT INTO `post` (`id`, `user_id`, `body`, `created_at`, `updated_at`) VALUES (45, 45, 'Aut doloremque animi enim consequatur corporis. Ad est praesentium corrupti repellat voluptatem.', '2010-09-28 11:21:20', '1970-10-27 03:36:29');
INSERT INTO `post` (`id`, `user_id`, `body`, `created_at`, `updated_at`) VALUES (46, 46, 'Atque consequatur ducimus et. Explicabo maiores est quia amet architecto quia nostrum. Voluptatem enim quia est nihil perferendis. Qui dolores voluptatem deleniti incidunt delectus rerum.', '1981-07-22 21:24:08', '1994-12-11 16:35:21');
INSERT INTO `post` (`id`, `user_id`, `body`, `created_at`, `updated_at`) VALUES (47, 47, 'Quia qui eum enim corporis harum ut sunt. Odio voluptatibus et delectus qui.', '1995-02-03 06:58:21', '1980-06-14 07:03:16');
INSERT INTO `post` (`id`, `user_id`, `body`, `created_at`, `updated_at`) VALUES (48, 48, 'Doloribus cumque quae deserunt. Harum dolorem eum quas molestias exercitationem quam qui.', '1974-06-27 09:29:15', '2009-06-01 20:42:17');
INSERT INTO `post` (`id`, `user_id`, `body`, `created_at`, `updated_at`) VALUES (49, 49, 'Ad vero quae corporis ut ducimus cumque voluptatem. Et reiciendis repellendus exercitationem vel facere rerum alias. Dolorem et qui voluptate.', '2017-05-25 06:27:27', '1996-04-27 02:19:54');
INSERT INTO `post` (`id`, `user_id`, `body`, `created_at`, `updated_at`) VALUES (50, 50, 'Praesentium numquam harum dolor dolorum sed at animi. Cumque ducimus voluptas officiis eius porro. Esse saepe eligendi ipsa modi perferendis velit assumenda est. Libero sint at minima iste perferendis.', '2015-09-14 14:32:28', '1986-07-27 06:38:53');
INSERT INTO `post` (`id`, `user_id`, `body`, `created_at`, `updated_at`) VALUES (51, 51, 'Similique ut possimus explicabo deserunt commodi nihil maxime expedita. Doloremque totam ut quae reprehenderit. Officiis molestiae vel odio vero temporibus. Vero rerum praesentium officia nam incidunt.', '1991-07-13 00:25:38', '1995-09-27 15:26:24');
INSERT INTO `post` (`id`, `user_id`, `body`, `created_at`, `updated_at`) VALUES (52, 52, 'Dicta tempora aut sit perspiciatis fugit quos ipsum. Quia id sunt quae voluptate. Aut accusamus et officiis iusto dolore earum. Debitis est labore voluptas neque.', '2003-12-02 10:52:11', '2014-08-15 05:09:29');
INSERT INTO `post` (`id`, `user_id`, `body`, `created_at`, `updated_at`) VALUES (53, 53, 'Rerum at iure ipsam repudiandae. Porro mollitia qui provident sit aliquam aliquam dignissimos. Quisquam ullam ullam quo et et. Sunt commodi hic adipisci enim odio laboriosam consequatur.', '2010-03-02 18:18:52', '2002-06-20 18:36:31');
INSERT INTO `post` (`id`, `user_id`, `body`, `created_at`, `updated_at`) VALUES (54, 54, 'Rem impedit minus et sed. Consectetur dolore consectetur sint mollitia architecto error. In id dolorem voluptatem eius soluta laudantium. Quod quia quod repudiandae optio quia minima ipsa.', '1991-07-22 07:04:41', '2013-07-16 06:08:27');
INSERT INTO `post` (`id`, `user_id`, `body`, `created_at`, `updated_at`) VALUES (55, 55, 'Quidem vel voluptates asperiores aspernatur nam autem iusto. Nihil voluptas necessitatibus sunt. Vitae sequi facere beatae corporis sequi.', '1971-03-16 23:38:40', '1992-01-03 00:11:37');
INSERT INTO `post` (`id`, `user_id`, `body`, `created_at`, `updated_at`) VALUES (56, 56, 'Sed quia qui omnis sapiente autem. Non ducimus odit dolor. Omnis dolores omnis sunt est. Adipisci est illum facere non nisi consequatur.', '2003-04-02 16:21:02', '1990-02-03 22:03:02');
INSERT INTO `post` (`id`, `user_id`, `body`, `created_at`, `updated_at`) VALUES (57, 57, 'Laudantium fugiat assumenda iste repellendus quas suscipit culpa. Velit omnis cumque nisi ab. Rem similique est ipsam harum eos laborum. Expedita deleniti magnam ducimus quasi officiis modi quod praesentium.', '1987-04-21 13:09:38', '1999-09-10 05:36:59');
INSERT INTO `post` (`id`, `user_id`, `body`, `created_at`, `updated_at`) VALUES (58, 58, 'Necessitatibus modi officia qui dolor consequatur. Iste nam inventore quo maiores animi. Dolore voluptas sed facere itaque maxime.', '2018-03-20 02:10:25', '1984-07-23 15:20:24');
INSERT INTO `post` (`id`, `user_id`, `body`, `created_at`, `updated_at`) VALUES (59, 59, 'Voluptas veniam corporis impedit sint non. Quasi et quia tenetur ducimus culpa deleniti debitis. Voluptatem provident neque soluta asperiores sed. Laborum molestias molestias eius rerum sed aut sint.', '1994-10-10 12:08:34', '1995-02-14 16:42:35');
INSERT INTO `post` (`id`, `user_id`, `body`, `created_at`, `updated_at`) VALUES (60, 60, 'Explicabo laborum enim et sunt quos incidunt. Et magni voluptatibus occaecati officia. Rerum velit voluptas ipsum dolorem incidunt itaque.', '1982-06-07 02:51:40', '1971-02-15 02:35:45');
INSERT INTO `post` (`id`, `user_id`, `body`, `created_at`, `updated_at`) VALUES (61, 61, 'Asperiores maxime praesentium repellat est eius aliquid ea. Repudiandae ut blanditiis deserunt ad consequatur molestiae accusantium. Voluptate consequatur praesentium esse accusantium. Ea nihil et aliquam ratione aut expedita quos.', '2015-06-18 08:59:54', '1980-06-14 02:59:49');
INSERT INTO `post` (`id`, `user_id`, `body`, `created_at`, `updated_at`) VALUES (62, 62, 'Aliquid qui aut vero quo tempore. Cumque quia beatae minus itaque doloribus. Impedit officiis eos repudiandae itaque fugit recusandae esse. Incidunt aut voluptas voluptas sunt at qui.', '1975-08-24 11:12:22', '1991-02-26 22:09:27');
INSERT INTO `post` (`id`, `user_id`, `body`, `created_at`, `updated_at`) VALUES (63, 63, 'Eos minus non velit iste rem quia. Nihil enim nihil quibusdam at ut porro. Facere officiis unde minus illo modi.', '1992-11-12 09:09:59', '2016-10-04 01:47:41');
INSERT INTO `post` (`id`, `user_id`, `body`, `created_at`, `updated_at`) VALUES (64, 64, 'Numquam placeat voluptatibus non officiis. Quis velit repellendus illo similique et et doloremque placeat. Illo fuga sunt dolores vero laborum. Magnam veritatis rerum laborum et.', '1980-05-04 09:53:07', '1972-08-29 09:40:15');
INSERT INTO `post` (`id`, `user_id`, `body`, `created_at`, `updated_at`) VALUES (65, 65, 'Veniam cumque quia sit nesciunt commodi ad. Fuga quo libero qui. Repellendus praesentium tenetur omnis nulla aut veniam maxime. Quam autem at assumenda assumenda. Praesentium aut dolore illum in ipsum delectus et.', '2001-11-17 00:50:05', '1998-06-29 10:31:14');
INSERT INTO `post` (`id`, `user_id`, `body`, `created_at`, `updated_at`) VALUES (66, 66, 'Reprehenderit veritatis rerum voluptas deleniti non doloribus et perspiciatis. Odit provident eos in est quia.', '1971-01-30 22:41:27', '1999-06-28 13:50:09');
INSERT INTO `post` (`id`, `user_id`, `body`, `created_at`, `updated_at`) VALUES (67, 67, 'Quia debitis expedita quia ipsa excepturi quidem. Vero sunt deleniti facere maiores est distinctio sunt. Possimus repudiandae odit qui. Autem molestiae autem aut voluptatum et nisi qui doloribus.', '1992-02-02 14:49:17', '2001-08-18 05:54:21');
INSERT INTO `post` (`id`, `user_id`, `body`, `created_at`, `updated_at`) VALUES (68, 68, 'Odit nulla delectus quaerat reprehenderit nam. Distinctio rerum reprehenderit dolores omnis eveniet. Aut molestiae debitis quia repellat consequatur. Error voluptatum magni nesciunt iusto sit qui. Et ut et ea ex enim aut amet.', '1991-02-09 19:19:47', '1986-11-18 05:27:25');
INSERT INTO `post` (`id`, `user_id`, `body`, `created_at`, `updated_at`) VALUES (69, 69, 'Velit et iste exercitationem est dolores voluptatem. Voluptatum cum omnis temporibus. Impedit illum numquam velit temporibus praesentium ut.', '1978-04-30 22:48:56', '1976-07-18 05:49:12');
INSERT INTO `post` (`id`, `user_id`, `body`, `created_at`, `updated_at`) VALUES (70, 70, 'Cumque ut est quos. Ex rem magnam natus suscipit nemo.', '2001-02-26 23:04:48', '1996-03-09 06:48:55');
INSERT INTO `post` (`id`, `user_id`, `body`, `created_at`, `updated_at`) VALUES (71, 71, 'Voluptate aut in rem. Nihil harum sint velit ut. Labore aperiam nisi earum sed est enim dolore. Dolor veritatis et dignissimos veritatis.', '1988-12-12 05:50:41', '1988-03-07 12:38:03');
INSERT INTO `post` (`id`, `user_id`, `body`, `created_at`, `updated_at`) VALUES (72, 72, 'Magni aut provident architecto amet optio. Dolore pariatur aut voluptatibus officiis nisi provident. Necessitatibus provident officiis cum.', '1989-04-26 08:21:06', '2001-04-20 06:52:56');
INSERT INTO `post` (`id`, `user_id`, `body`, `created_at`, `updated_at`) VALUES (73, 73, 'Earum eos non est velit veritatis quis qui provident. Veritatis officiis ratione facilis nostrum accusamus. Aperiam facilis dolor aperiam vero cum laborum.', '1971-12-15 21:11:43', '1977-11-07 17:07:27');
INSERT INTO `post` (`id`, `user_id`, `body`, `created_at`, `updated_at`) VALUES (74, 74, 'Qui occaecati commodi necessitatibus aut saepe. Provident veritatis laboriosam recusandae hic corporis quis itaque. Nostrum modi totam aut repellendus illo iure. Illo laboriosam impedit suscipit quia ut. Vel vitae aut ipsa eum nisi in quia.', '1970-03-11 13:07:30', '1982-06-08 05:07:21');
INSERT INTO `post` (`id`, `user_id`, `body`, `created_at`, `updated_at`) VALUES (75, 75, 'Qui magni quia similique nihil modi. Sequi autem quas ducimus mollitia laboriosam. Fuga nostrum numquam consectetur nam totam nihil. Quia nesciunt voluptas voluptatum debitis modi quibusdam ab.', '2015-05-26 02:33:20', '1991-01-31 01:07:54');
INSERT INTO `post` (`id`, `user_id`, `body`, `created_at`, `updated_at`) VALUES (76, 76, 'Aut incidunt explicabo architecto. Non aut quis repellendus quas fuga dolores dolorem. Qui quo rem ipsa repudiandae. Qui ipsa mollitia quae consequatur ut et.', '1984-02-25 06:30:05', '2019-01-17 04:24:32');
INSERT INTO `post` (`id`, `user_id`, `body`, `created_at`, `updated_at`) VALUES (77, 77, 'Laboriosam nobis qui dolore dolor beatae et. Distinctio iusto debitis voluptatem consectetur ad iusto adipisci. In blanditiis officia nihil.', '2006-12-06 19:57:47', '2015-11-28 00:43:54');
INSERT INTO `post` (`id`, `user_id`, `body`, `created_at`, `updated_at`) VALUES (78, 78, 'Deserunt culpa eum placeat quaerat rerum sit itaque. Assumenda sint quas optio ipsum aut non. Eius voluptatibus maiores delectus est maxime ut dolor et.', '2017-09-20 02:58:38', '1976-01-24 11:36:08');
INSERT INTO `post` (`id`, `user_id`, `body`, `created_at`, `updated_at`) VALUES (79, 79, 'Reprehenderit sunt non ipsum omnis. Esse dolorum exercitationem beatae quia asperiores quis quaerat. Atque quod et enim culpa assumenda.', '2018-03-19 00:43:59', '1993-05-18 07:56:10');
INSERT INTO `post` (`id`, `user_id`, `body`, `created_at`, `updated_at`) VALUES (80, 80, 'Harum eos architecto sed dolores accusamus. Molestias sint aut nam aspernatur illum quas rerum. Et dolor et sint numquam sit modi. Rerum sint consectetur soluta eos quia nostrum et.', '2002-08-19 03:31:50', '2008-03-29 14:36:34');
INSERT INTO `post` (`id`, `user_id`, `body`, `created_at`, `updated_at`) VALUES (81, 81, 'Reprehenderit odio sunt unde. Magnam totam et voluptatem cupiditate aut. Nesciunt sit et ut aut.', '1972-02-28 15:06:09', '2014-07-22 07:13:01');
INSERT INTO `post` (`id`, `user_id`, `body`, `created_at`, `updated_at`) VALUES (82, 82, 'Aut error est sunt. Qui inventore dolorem dignissimos explicabo quasi eligendi voluptatum. Voluptate inventore assumenda sequi iusto.', '1971-10-15 19:06:42', '2003-01-13 16:40:36');
INSERT INTO `post` (`id`, `user_id`, `body`, `created_at`, `updated_at`) VALUES (83, 83, 'Aspernatur consectetur illo voluptas voluptas. Quasi beatae et consequuntur quia. Optio sint laboriosam adipisci eaque.', '2011-02-05 16:19:34', '1999-04-23 11:50:33');
INSERT INTO `post` (`id`, `user_id`, `body`, `created_at`, `updated_at`) VALUES (84, 84, 'Voluptatem est consequuntur sed. Tempora et reiciendis laboriosam consequatur. Enim voluptatem delectus voluptate vel eius et perspiciatis. Velit ducimus eum impedit eaque perspiciatis deleniti.', '1995-12-14 08:19:21', '1986-06-09 09:21:11');
INSERT INTO `post` (`id`, `user_id`, `body`, `created_at`, `updated_at`) VALUES (85, 85, 'Amet rerum tempora qui velit esse deserunt. Voluptatum quia quasi est. Mollitia qui voluptas molestias nihil sint ratione. Sint sequi deserunt nulla saepe quasi explicabo.', '1991-09-11 10:56:42', '1998-05-02 15:41:16');
INSERT INTO `post` (`id`, `user_id`, `body`, `created_at`, `updated_at`) VALUES (86, 86, 'Iusto laudantium quod molestias voluptatum. Rem voluptas omnis autem cumque distinctio magnam culpa. Reprehenderit veniam deserunt quasi reprehenderit sapiente neque sed est.', '1998-11-04 15:27:16', '1983-03-16 22:53:07');
INSERT INTO `post` (`id`, `user_id`, `body`, `created_at`, `updated_at`) VALUES (87, 87, 'Consequatur voluptatem aut dolor excepturi nam dolorem. Repellendus ut eveniet id vel ea maiores.', '1989-07-14 23:51:47', '1997-04-14 20:14:21');
INSERT INTO `post` (`id`, `user_id`, `body`, `created_at`, `updated_at`) VALUES (88, 88, 'Vitae officia et laborum dolorem voluptatibus aut inventore. Provident reprehenderit sequi nobis ad. Sapiente aut cupiditate in reprehenderit voluptas porro.', '2008-08-21 18:20:47', '1981-07-23 19:18:47');
INSERT INTO `post` (`id`, `user_id`, `body`, `created_at`, `updated_at`) VALUES (89, 89, 'Et vel vero et dolore quaerat. Optio unde rem omnis illo eum. Esse aut odio dolores optio et. Exercitationem doloribus dolores necessitatibus quis assumenda voluptatem eos.', '2021-03-14 17:30:18', '1973-06-20 03:41:52');
INSERT INTO `post` (`id`, `user_id`, `body`, `created_at`, `updated_at`) VALUES (90, 90, 'Minima voluptate vitae alias dolorum. Quia ut rerum eius iure qui. Iste qui optio aut ullam et. Est error officia quae eius commodi.', '2016-02-09 23:36:47', '1989-11-30 08:37:16');
INSERT INTO `post` (`id`, `user_id`, `body`, `created_at`, `updated_at`) VALUES (91, 91, 'Reiciendis deleniti quaerat numquam asperiores sed iure et. Doloremque accusantium iure aut ea. Maiores voluptas enim alias velit iste.', '2005-01-24 22:03:54', '1971-10-15 08:39:28');
INSERT INTO `post` (`id`, `user_id`, `body`, `created_at`, `updated_at`) VALUES (92, 92, 'Asperiores perspiciatis qui facilis voluptas. Laudantium nemo molestiae aut eum illo ratione. Soluta quae adipisci accusantium. Possimus optio et dolor voluptatem.', '2017-03-29 09:33:45', '1994-11-10 16:16:24');
INSERT INTO `post` (`id`, `user_id`, `body`, `created_at`, `updated_at`) VALUES (93, 93, 'Ex quisquam dolor consequatur est aut est. Ut quasi aut quos suscipit velit. Sequi consequuntur qui repellat natus repellat delectus.', '1979-03-28 07:54:29', '1987-08-11 21:53:25');
INSERT INTO `post` (`id`, `user_id`, `body`, `created_at`, `updated_at`) VALUES (94, 94, 'Fugit veritatis quae dolores rem consequatur dolor similique. Ipsum officia quo eum ut. Enim aut ratione aut amet ut sapiente alias consequatur. Est asperiores ab omnis.', '1975-03-16 12:50:59', '2004-02-20 09:33:41');
INSERT INTO `post` (`id`, `user_id`, `body`, `created_at`, `updated_at`) VALUES (95, 95, 'Qui dicta aperiam officiis unde ipsam ut. Molestias esse tenetur velit nam voluptates reprehenderit in. Molestias illo dicta culpa sunt qui ad rem. Animi enim quas omnis eveniet optio.', '2009-11-15 10:44:33', '2011-02-18 00:45:48');
INSERT INTO `post` (`id`, `user_id`, `body`, `created_at`, `updated_at`) VALUES (96, 96, 'Quia ut ut at voluptatem et. Harum eveniet veniam aut officia sit et. Optio excepturi odio voluptates sit labore.', '2005-04-05 09:19:24', '2015-11-15 20:43:28');
INSERT INTO `post` (`id`, `user_id`, `body`, `created_at`, `updated_at`) VALUES (97, 97, 'Atque sint dolores enim possimus rerum hic. Mollitia dolores et sed debitis assumenda ex ut vitae. Eum aspernatur et labore omnis magnam voluptate.', '2016-10-26 14:03:53', '1992-10-27 00:25:13');
INSERT INTO `post` (`id`, `user_id`, `body`, `created_at`, `updated_at`) VALUES (98, 98, 'Eos ipsa ipsam ducimus laudantium eligendi rerum voluptatem. Magni et qui nihil omnis ea. Sed natus eos sunt blanditiis qui et. Molestiae ipsum maiores et sed officia.', '1979-12-22 20:26:52', '1970-05-15 08:26:37');
INSERT INTO `post` (`id`, `user_id`, `body`, `created_at`, `updated_at`) VALUES (99, 99, 'Fugit autem quo sit doloremque voluptatem inventore et ratione. Deserunt nam nihil expedita minima. Qui quia officia enim quia. Reprehenderit qui magni recusandae facere eum aperiam. Est itaque veniam aliquid laborum quia cupiditate cum.', '1985-04-02 05:04:43', '1975-05-09 04:35:12');
INSERT INTO `post` (`id`, `user_id`, `body`, `created_at`, `updated_at`) VALUES (100, 100, 'Ea ipsa dicta enim molestiae in. Natus earum et doloremque incidunt eos id vero. Deserunt libero quos odit dolor blanditiis rerum saepe. Dolore soluta officiis sit explicabo est.', '1974-06-26 04:03:55', '1973-03-26 10:36:54');


INSERT INTO `post_likes` (`id`, `author_id`, `post_id`, `created_at`) VALUES (1, 1, 1, '1983-03-17 03:43:43');
INSERT INTO `post_likes` (`id`, `author_id`, `post_id`, `created_at`) VALUES (2, 2, 2, '1992-12-05 00:13:23');
INSERT INTO `post_likes` (`id`, `author_id`, `post_id`, `created_at`) VALUES (3, 3, 3, '1979-08-24 07:27:46');
INSERT INTO `post_likes` (`id`, `author_id`, `post_id`, `created_at`) VALUES (4, 4, 4, '2018-09-24 10:39:55');
INSERT INTO `post_likes` (`id`, `author_id`, `post_id`, `created_at`) VALUES (5, 5, 5, '2021-04-17 23:07:57');
INSERT INTO `post_likes` (`id`, `author_id`, `post_id`, `created_at`) VALUES (6, 6, 6, '1991-11-25 23:03:34');
INSERT INTO `post_likes` (`id`, `author_id`, `post_id`, `created_at`) VALUES (7, 7, 7, '2015-12-09 18:52:42');
INSERT INTO `post_likes` (`id`, `author_id`, `post_id`, `created_at`) VALUES (8, 8, 8, '2013-08-15 14:03:18');
INSERT INTO `post_likes` (`id`, `author_id`, `post_id`, `created_at`) VALUES (9, 9, 9, '1974-05-16 03:08:09');
INSERT INTO `post_likes` (`id`, `author_id`, `post_id`, `created_at`) VALUES (10, 10, 10, '1985-02-21 15:46:04');
INSERT INTO `post_likes` (`id`, `author_id`, `post_id`, `created_at`) VALUES (11, 11, 11, '1972-01-31 11:29:10');
INSERT INTO `post_likes` (`id`, `author_id`, `post_id`, `created_at`) VALUES (12, 12, 12, '1980-01-18 16:44:31');
INSERT INTO `post_likes` (`id`, `author_id`, `post_id`, `created_at`) VALUES (13, 13, 13, '2008-07-24 23:04:03');
INSERT INTO `post_likes` (`id`, `author_id`, `post_id`, `created_at`) VALUES (14, 14, 14, '2011-11-05 06:43:05');
INSERT INTO `post_likes` (`id`, `author_id`, `post_id`, `created_at`) VALUES (15, 15, 15, '1994-09-12 08:55:40');
INSERT INTO `post_likes` (`id`, `author_id`, `post_id`, `created_at`) VALUES (16, 16, 16, '2020-05-27 14:28:41');
INSERT INTO `post_likes` (`id`, `author_id`, `post_id`, `created_at`) VALUES (17, 17, 17, '1991-12-25 14:13:41');
INSERT INTO `post_likes` (`id`, `author_id`, `post_id`, `created_at`) VALUES (18, 18, 18, '1993-11-28 04:25:55');
INSERT INTO `post_likes` (`id`, `author_id`, `post_id`, `created_at`) VALUES (19, 19, 19, '2013-04-27 23:22:27');
INSERT INTO `post_likes` (`id`, `author_id`, `post_id`, `created_at`) VALUES (20, 20, 20, '1979-06-21 10:09:18');
INSERT INTO `post_likes` (`id`, `author_id`, `post_id`, `created_at`) VALUES (21, 21, 21, '1972-11-15 22:06:58');
INSERT INTO `post_likes` (`id`, `author_id`, `post_id`, `created_at`) VALUES (22, 22, 22, '2018-06-15 12:10:58');
INSERT INTO `post_likes` (`id`, `author_id`, `post_id`, `created_at`) VALUES (23, 23, 23, '2015-06-29 04:24:21');
INSERT INTO `post_likes` (`id`, `author_id`, `post_id`, `created_at`) VALUES (24, 24, 24, '1991-11-03 06:47:14');
INSERT INTO `post_likes` (`id`, `author_id`, `post_id`, `created_at`) VALUES (25, 25, 25, '2001-10-22 15:13:50');
INSERT INTO `post_likes` (`id`, `author_id`, `post_id`, `created_at`) VALUES (26, 26, 26, '1987-02-24 20:04:33');
INSERT INTO `post_likes` (`id`, `author_id`, `post_id`, `created_at`) VALUES (27, 27, 27, '2006-04-09 09:44:13');
INSERT INTO `post_likes` (`id`, `author_id`, `post_id`, `created_at`) VALUES (28, 28, 28, '2011-05-13 12:21:00');
INSERT INTO `post_likes` (`id`, `author_id`, `post_id`, `created_at`) VALUES (29, 29, 29, '2016-01-25 17:36:39');
INSERT INTO `post_likes` (`id`, `author_id`, `post_id`, `created_at`) VALUES (30, 30, 30, '2019-04-08 02:47:18');
INSERT INTO `post_likes` (`id`, `author_id`, `post_id`, `created_at`) VALUES (31, 31, 31, '2002-07-26 02:14:04');
INSERT INTO `post_likes` (`id`, `author_id`, `post_id`, `created_at`) VALUES (32, 32, 32, '1999-09-06 20:47:44');
INSERT INTO `post_likes` (`id`, `author_id`, `post_id`, `created_at`) VALUES (33, 33, 33, '2011-07-28 10:40:27');
INSERT INTO `post_likes` (`id`, `author_id`, `post_id`, `created_at`) VALUES (34, 34, 34, '1990-10-14 03:29:47');
INSERT INTO `post_likes` (`id`, `author_id`, `post_id`, `created_at`) VALUES (35, 35, 35, '2015-11-06 15:37:51');
INSERT INTO `post_likes` (`id`, `author_id`, `post_id`, `created_at`) VALUES (36, 36, 36, '1973-02-28 01:28:33');
INSERT INTO `post_likes` (`id`, `author_id`, `post_id`, `created_at`) VALUES (37, 37, 37, '1997-06-22 08:35:48');
INSERT INTO `post_likes` (`id`, `author_id`, `post_id`, `created_at`) VALUES (38, 38, 38, '2018-09-11 06:16:17');
INSERT INTO `post_likes` (`id`, `author_id`, `post_id`, `created_at`) VALUES (39, 39, 39, '1970-02-25 22:06:34');
INSERT INTO `post_likes` (`id`, `author_id`, `post_id`, `created_at`) VALUES (40, 40, 40, '1992-07-18 06:51:30');
INSERT INTO `post_likes` (`id`, `author_id`, `post_id`, `created_at`) VALUES (41, 41, 41, '2013-09-07 07:37:15');
INSERT INTO `post_likes` (`id`, `author_id`, `post_id`, `created_at`) VALUES (42, 42, 42, '1973-09-16 14:01:27');
INSERT INTO `post_likes` (`id`, `author_id`, `post_id`, `created_at`) VALUES (43, 43, 43, '2003-01-04 03:32:40');
INSERT INTO `post_likes` (`id`, `author_id`, `post_id`, `created_at`) VALUES (44, 44, 44, '1997-04-10 15:21:52');
INSERT INTO `post_likes` (`id`, `author_id`, `post_id`, `created_at`) VALUES (45, 45, 45, '2018-02-07 04:00:57');
INSERT INTO `post_likes` (`id`, `author_id`, `post_id`, `created_at`) VALUES (46, 46, 46, '2015-01-27 12:31:31');
INSERT INTO `post_likes` (`id`, `author_id`, `post_id`, `created_at`) VALUES (47, 47, 47, '1994-05-14 18:26:10');
INSERT INTO `post_likes` (`id`, `author_id`, `post_id`, `created_at`) VALUES (48, 48, 48, '2010-07-20 04:57:30');
INSERT INTO `post_likes` (`id`, `author_id`, `post_id`, `created_at`) VALUES (49, 49, 49, '1971-12-21 14:39:17');
INSERT INTO `post_likes` (`id`, `author_id`, `post_id`, `created_at`) VALUES (50, 50, 50, '2002-11-29 22:49:24');
INSERT INTO `post_likes` (`id`, `author_id`, `post_id`, `created_at`) VALUES (51, 51, 51, '2000-05-15 16:09:37');
INSERT INTO `post_likes` (`id`, `author_id`, `post_id`, `created_at`) VALUES (52, 52, 52, '2010-10-01 11:46:43');
INSERT INTO `post_likes` (`id`, `author_id`, `post_id`, `created_at`) VALUES (53, 53, 53, '2006-12-10 11:26:30');
INSERT INTO `post_likes` (`id`, `author_id`, `post_id`, `created_at`) VALUES (54, 54, 54, '2019-05-25 02:15:27');
INSERT INTO `post_likes` (`id`, `author_id`, `post_id`, `created_at`) VALUES (55, 55, 55, '2010-06-15 11:38:06');
INSERT INTO `post_likes` (`id`, `author_id`, `post_id`, `created_at`) VALUES (56, 56, 56, '1974-11-26 06:04:58');
INSERT INTO `post_likes` (`id`, `author_id`, `post_id`, `created_at`) VALUES (57, 57, 57, '1987-05-23 23:25:44');
INSERT INTO `post_likes` (`id`, `author_id`, `post_id`, `created_at`) VALUES (58, 58, 58, '2006-09-08 21:06:28');
INSERT INTO `post_likes` (`id`, `author_id`, `post_id`, `created_at`) VALUES (59, 59, 59, '2000-01-06 08:34:16');
INSERT INTO `post_likes` (`id`, `author_id`, `post_id`, `created_at`) VALUES (60, 60, 60, '2017-09-10 05:55:31');
INSERT INTO `post_likes` (`id`, `author_id`, `post_id`, `created_at`) VALUES (61, 61, 61, '1984-04-21 22:41:39');
INSERT INTO `post_likes` (`id`, `author_id`, `post_id`, `created_at`) VALUES (62, 62, 62, '1997-10-29 00:13:35');
INSERT INTO `post_likes` (`id`, `author_id`, `post_id`, `created_at`) VALUES (63, 63, 63, '2007-08-20 09:11:46');
INSERT INTO `post_likes` (`id`, `author_id`, `post_id`, `created_at`) VALUES (64, 64, 64, '2012-06-13 12:04:42');
INSERT INTO `post_likes` (`id`, `author_id`, `post_id`, `created_at`) VALUES (65, 65, 65, '1990-08-13 20:58:55');
INSERT INTO `post_likes` (`id`, `author_id`, `post_id`, `created_at`) VALUES (66, 66, 66, '2009-03-27 23:45:10');
INSERT INTO `post_likes` (`id`, `author_id`, `post_id`, `created_at`) VALUES (67, 67, 67, '2015-08-12 14:08:48');
INSERT INTO `post_likes` (`id`, `author_id`, `post_id`, `created_at`) VALUES (68, 68, 68, '2005-10-19 02:05:54');
INSERT INTO `post_likes` (`id`, `author_id`, `post_id`, `created_at`) VALUES (69, 69, 69, '2004-09-30 15:33:51');
INSERT INTO `post_likes` (`id`, `author_id`, `post_id`, `created_at`) VALUES (70, 70, 70, '2018-06-22 06:03:32');
INSERT INTO `post_likes` (`id`, `author_id`, `post_id`, `created_at`) VALUES (71, 71, 71, '1982-10-08 01:15:55');
INSERT INTO `post_likes` (`id`, `author_id`, `post_id`, `created_at`) VALUES (72, 72, 72, '1988-08-17 10:24:37');
INSERT INTO `post_likes` (`id`, `author_id`, `post_id`, `created_at`) VALUES (73, 73, 73, '1996-09-24 10:17:04');
INSERT INTO `post_likes` (`id`, `author_id`, `post_id`, `created_at`) VALUES (74, 74, 74, '2021-09-10 03:49:24');
INSERT INTO `post_likes` (`id`, `author_id`, `post_id`, `created_at`) VALUES (75, 75, 75, '1996-01-29 00:25:21');
INSERT INTO `post_likes` (`id`, `author_id`, `post_id`, `created_at`) VALUES (76, 76, 76, '1994-11-20 07:53:29');
INSERT INTO `post_likes` (`id`, `author_id`, `post_id`, `created_at`) VALUES (77, 77, 77, '2008-04-08 03:08:43');
INSERT INTO `post_likes` (`id`, `author_id`, `post_id`, `created_at`) VALUES (78, 78, 78, '1990-04-20 13:59:58');
INSERT INTO `post_likes` (`id`, `author_id`, `post_id`, `created_at`) VALUES (79, 79, 79, '2021-02-04 02:07:47');
INSERT INTO `post_likes` (`id`, `author_id`, `post_id`, `created_at`) VALUES (80, 80, 80, '1998-01-22 17:51:31');
INSERT INTO `post_likes` (`id`, `author_id`, `post_id`, `created_at`) VALUES (81, 81, 81, '1998-06-26 20:42:07');
INSERT INTO `post_likes` (`id`, `author_id`, `post_id`, `created_at`) VALUES (82, 82, 82, '1994-07-23 01:31:29');
INSERT INTO `post_likes` (`id`, `author_id`, `post_id`, `created_at`) VALUES (83, 83, 83, '2012-11-06 17:26:16');
INSERT INTO `post_likes` (`id`, `author_id`, `post_id`, `created_at`) VALUES (84, 84, 84, '1996-04-09 14:31:57');
INSERT INTO `post_likes` (`id`, `author_id`, `post_id`, `created_at`) VALUES (85, 85, 85, '1980-01-26 08:10:44');
INSERT INTO `post_likes` (`id`, `author_id`, `post_id`, `created_at`) VALUES (86, 86, 86, '2015-11-24 22:46:20');
INSERT INTO `post_likes` (`id`, `author_id`, `post_id`, `created_at`) VALUES (87, 87, 87, '2006-01-09 04:19:12');
INSERT INTO `post_likes` (`id`, `author_id`, `post_id`, `created_at`) VALUES (88, 88, 88, '1970-09-05 07:13:17');
INSERT INTO `post_likes` (`id`, `author_id`, `post_id`, `created_at`) VALUES (89, 89, 89, '2018-12-13 03:17:17');
INSERT INTO `post_likes` (`id`, `author_id`, `post_id`, `created_at`) VALUES (90, 90, 90, '1972-08-25 16:00:32');
INSERT INTO `post_likes` (`id`, `author_id`, `post_id`, `created_at`) VALUES (91, 91, 91, '1999-05-30 16:40:12');
INSERT INTO `post_likes` (`id`, `author_id`, `post_id`, `created_at`) VALUES (92, 92, 92, '1981-04-08 12:43:58');
INSERT INTO `post_likes` (`id`, `author_id`, `post_id`, `created_at`) VALUES (93, 93, 93, '2020-06-08 00:25:44');
INSERT INTO `post_likes` (`id`, `author_id`, `post_id`, `created_at`) VALUES (94, 94, 94, '2000-03-18 19:48:59');
INSERT INTO `post_likes` (`id`, `author_id`, `post_id`, `created_at`) VALUES (95, 95, 95, '1989-09-18 07:48:01');
INSERT INTO `post_likes` (`id`, `author_id`, `post_id`, `created_at`) VALUES (96, 96, 96, '1990-06-30 13:24:15');
INSERT INTO `post_likes` (`id`, `author_id`, `post_id`, `created_at`) VALUES (97, 97, 97, '1990-09-04 15:34:22');
INSERT INTO `post_likes` (`id`, `author_id`, `post_id`, `created_at`) VALUES (98, 98, 98, '2008-09-01 15:07:49');
INSERT INTO `post_likes` (`id`, `author_id`, `post_id`, `created_at`) VALUES (99, 99, 99, '1979-01-22 03:11:32');
INSERT INTO `post_likes` (`id`, `author_id`, `post_id`, `created_at`) VALUES (100, 100, 100, '1998-04-27 05:08:25');

ALTER TABLE users MODIFY phone VARCHAR(12) NOT NULL UNIQUE COMMENT "Телефон";

ALTER TABLE users ADD CONSTRAINT check_phone CHECK (REGEXP_LIKE(phone, '^\\+7[0-9]{10}$')); 

UPDATE users SET phone = CONCAT('+7', 9000000000 + FLOOR(999999999 * RAND())) WHERE id < 200;

UPDATE messages SET 
	from_user_id = FLOOR(1 + RAND() * 100),
    to_user_id = FLOOR(1 + RAND() * 100)
WHERE id < 200;


UPDATE media_types SET name = 'audio' WHERE id = 1;
UPDATE media_types SET name = 'image' WHERE id = 2;
UPDATE media_types SET name = 'video' WHERE id = 3;
UPDATE media_types SET name = 'gif' WHERE id = 4;
UPDATE media_types SET name = 'document' WHERE id = 5;

INSERT INTO media (filename, media_type_id, metadata, user_id, size) VALUE(
    CONCAT('http://www.some_server.com/some_directory/', SUBSTR(MD5(RAND()), 1, 10)),
    FLOOR(1 + RAND() * 5),
    '{}',
    FLOOR(1 + RAND() * 100),
    3
);

UPDATE media SET metadata = CONCAT('{"size" : ', FLOOR(1 + RAND() * 1000000), ' , "extension" : "wav", "duration" : ', FLOOR(1 + RAND() * 1000000), '}')
WHERE media_type_id = 1;

SELECT metadata->'$.size' FROM media WHERE media_type_id = 1;
UPDATE media SET filename = CONCAT_WS('.', filename, metadata->'$.extension')
WHERE media_type_id = 1;

UPDATE media SET metadata = CONCAT('{"size" : ', FLOOR(1 + RAND() * 1000000), ' , "extension" : "png", "resolution" : "', CONCAT_WS('x', FLOOR(100 + RAND() * 1000), FLOOR(100 + RAND() * 1000)), '"}')
WHERE media_type_id = 2;
